name,hotkey,task_id,task_name,is_screener,pass_without,pass_with,tokens_without,tokens_with,comp_ratio,platform_score,run_count
,5DCnA57Dve8W4GwXMrTwpB4MGzSGpcVdhwfvnGra8JkFK2yD,217,django__django-10880,False,True,True,5633800,6452294,0.873,0.9049897259077042,5
,5DCnA57Dve8W4GwXMrTwpB4MGzSGpcVdhwfvnGra8JkFK2yD,218,django__django-14999,False,False,True,7924913,5193874,1.526,1.813140964253185,5
,5DCnA57Dve8W4GwXMrTwpB4MGzSGpcVdhwfvnGra8JkFK2yD,219,django__django-10914,False,True,True,6145898,7831464,0.785,0.8785935041988392,5
,5DCnA57Dve8W4GwXMrTwpB4MGzSGpcVdhwfvnGra8JkFK2yD,220,django__django-15315,False,True,True,11141572,9651757,1.154,1.0771617750605882,5
,5DCnA57Dve8W4GwXMrTwpB4MGzSGpcVdhwfvnGra8JkFK2yD,221,django__django-11119,False,True,True,4426951,3943279,1.123,1.105986885300295,5
,5DCnA57Dve8W4GwXMrTwpB4MGzSGpcVdhwfvnGra8JkFK2yD,222,django__django-15499,False,True,True,4423151,5609944,0.788,0.9133151102047534,5
,5DCnA57Dve8W4GwXMrTwpB4MGzSGpcVdhwfvnGra8JkFK2yD,223,django__django-11133,False,True,True,5666876,4369217,1.297,1.0886472831838705,5
,5DCnA57Dve8W4GwXMrTwpB4MGzSGpcVdhwfvnGra8JkFK2yD,224,django__django-15569,False,True,True,9135003,2995346,3.05,1.504648743781674,5
,5DCnA57Dve8W4GwXMrTwpB4MGzSGpcVdhwfvnGra8JkFK2yD,225,django__django-11239,False,True,True,2163910,3822493,0.566,0.09047855847413641,5
,5DCnA57Dve8W4GwXMrTwpB4MGzSGpcVdhwfvnGra8JkFK2yD,226,django__django-15851,False,True,True,2199843,1614582,1.362,1.1758525348435644,5
,5DCnA57Dve8W4GwXMrTwpB4MGzSGpcVdhwfvnGra8JkFK2yD,227,django__django-11299,False,False,True,4587441,7134536,0.643,2.3824030785164885,5
,5DCnA57Dve8W4GwXMrTwpB4MGzSGpcVdhwfvnGra8JkFK2yD,228,django__django-15863,True,True,True,2872497,7458884,0.385,0.46577306297321164,5
,5DCnA57Dve8W4GwXMrTwpB4MGzSGpcVdhwfvnGra8JkFK2yD,229,django__django-11490,False,False,False,5109389,6730079,0.759,0.7031661514659651,5
,5DCnA57Dve8W4GwXMrTwpB4MGzSGpcVdhwfvnGra8JkFK2yD,230,django__django-15930,False,False,False,3565708,8104987,0.44,1.347134982233431,5
,5DCnA57Dve8W4GwXMrTwpB4MGzSGpcVdhwfvnGra8JkFK2yD,231,django__django-11555,False,False,False,10165065,8318354,1.222,-0.6820177749125248,5
,5DCnA57Dve8W4GwXMrTwpB4MGzSGpcVdhwfvnGra8JkFK2yD,232,django__django-16100,False,True,False,3321835,2733601,1.215,-0.6249875559744841,5
,5DCnA57Dve8W4GwXMrTwpB4MGzSGpcVdhwfvnGra8JkFK2yD,233,django__django-11603,False,True,True,3912189,2506075,1.561,1.8094437622570094,5
,5DCnA57Dve8W4GwXMrTwpB4MGzSGpcVdhwfvnGra8JkFK2yD,234,django__django-16139,True,True,True,2713415,3914920,0.693,0.8648721327260377,5
,5DCnA57Dve8W4GwXMrTwpB4MGzSGpcVdhwfvnGra8JkFK2yD,235,django__django-11951,False,True,True,5208829,4322035,1.205,0.05519731077911927,5
,5DCnA57Dve8W4GwXMrTwpB4MGzSGpcVdhwfvnGra8JkFK2yD,236,django__django-16255,False,True,True,3239718,3790105,0.855,0.9668727770480974,5
,5DCnA57Dve8W4GwXMrTwpB4MGzSGpcVdhwfvnGra8JkFK2yD,237,django__django-12308,False,False,False,7188938,4929446,1.458,0.9898736440213147,5
,5DCnA57Dve8W4GwXMrTwpB4MGzSGpcVdhwfvnGra8JkFK2yD,238,sympy__sympy-15017,False,True,True,5646129,4715663,1.197,1.1075911429759278,5
,5DCnA57Dve8W4GwXMrTwpB4MGzSGpcVdhwfvnGra8JkFK2yD,239,django__django-12419,False,True,True,7468757,7312502,1.021,2.2014555551713664,5
,5DCnA57Dve8W4GwXMrTwpB4MGzSGpcVdhwfvnGra8JkFK2yD,240,sympy__sympy-15345,False,False,False,3781868,4633108,0.816,1.4793392128927825,5
,5DCnA57Dve8W4GwXMrTwpB4MGzSGpcVdhwfvnGra8JkFK2yD,241,django__django-13363,False,True,True,5612680,4150434,1.352,2.401087405401687,5
,5DCnA57Dve8W4GwXMrTwpB4MGzSGpcVdhwfvnGra8JkFK2yD,242,sympy__sympy-15809,False,True,False,3535535,5006612,0.706,-2.1374503689500957,5
,5DCnA57Dve8W4GwXMrTwpB4MGzSGpcVdhwfvnGra8JkFK2yD,243,django__django-13417,False,True,False,6793531,7754795,0.876,-1.383807803916935,5
,5DCnA57Dve8W4GwXMrTwpB4MGzSGpcVdhwfvnGra8JkFK2yD,244,sympy__sympy-15875,False,False,False,3526864,3945516,0.894,0.20146922587117846,5
,5DCnA57Dve8W4GwXMrTwpB4MGzSGpcVdhwfvnGra8JkFK2yD,245,django__django-13741,False,True,True,3369316,3805134,0.885,0.8967661933653567,5
,5DCnA57Dve8W4GwXMrTwpB4MGzSGpcVdhwfvnGra8JkFK2yD,246,sympy__sympy-16450,False,True,True,5751104,5387649,1.067,1.5122614224345512,5
,5DCnA57Dve8W4GwXMrTwpB4MGzSGpcVdhwfvnGra8JkFK2yD,247,django__django-13821,True,True,True,6724392,5211019,1.29,1.1166448555753157,5
,5DCnA57Dve8W4GwXMrTwpB4MGzSGpcVdhwfvnGra8JkFK2yD,248,sympy__sympy-16766,False,True,False,5312250,6370061,0.834,-1.2949274336474783,5
,5DCnA57Dve8W4GwXMrTwpB4MGzSGpcVdhwfvnGra8JkFK2yD,249,django__django-13933,False,True,True,5780080,4528785,1.276,-0.9392377475821453,5
,5DCnA57Dve8W4GwXMrTwpB4MGzSGpcVdhwfvnGra8JkFK2yD,250,sympy__sympy-17139,False,True,True,6152720,4330793,1.421,1.4139841552373522,5
,5DCnA57Dve8W4GwXMrTwpB4MGzSGpcVdhwfvnGra8JkFK2yD,251,django__django-14089,False,True,True,2206281,2417911,0.912,-0.13067929694326322,5
,5DCnA57Dve8W4GwXMrTwpB4MGzSGpcVdhwfvnGra8JkFK2yD,252,sympy__sympy-17655,False,True,True,5455148,4017141,1.358,1.1594590220211023,5
,5DCnA57Dve8W4GwXMrTwpB4MGzSGpcVdhwfvnGra8JkFK2yD,253,django__django-14373,True,True,True,2395799,3504457,0.684,0.8088347661199906,5
,5DCnA57Dve8W4GwXMrTwpB4MGzSGpcVdhwfvnGra8JkFK2yD,254,sympy__sympy-19637,True,True,True,2662895,1933390,1.377,1.1423547580816478,5
,5DCnA57Dve8W4GwXMrTwpB4MGzSGpcVdhwfvnGra8JkFK2yD,255,django__django-14493,False,True,True,3017227,2935365,1.028,1.2849716418658272,5
,5DCnA57Dve8W4GwXMrTwpB4MGzSGpcVdhwfvnGra8JkFK2yD,256,sympy__sympy-19954,False,True,True,12024816,7249084,1.659,2.4444313027715507,5
,5DCnA57Dve8W4GwXMrTwpB4MGzSGpcVdhwfvnGra8JkFK2yD,257,django__django-14539,False,False,True,10085317,6570844,1.535,1.2070232635664098,5
,5DCnA57Dve8W4GwXMrTwpB4MGzSGpcVdhwfvnGra8JkFK2yD,258,sympy__sympy-21847,False,True,True,3545385,4092113,0.866,0.9550587558827109,5
,5DCnA57Dve8W4GwXMrTwpB4MGzSGpcVdhwfvnGra8JkFK2yD,259,django__django-14580,False,True,True,3799689,2736785,1.388,1.0972312380531613,5
,5DCnA57Dve8W4GwXMrTwpB4MGzSGpcVdhwfvnGra8JkFK2yD,260,sympy__sympy-22714,False,False,True,7569807,5728650,1.321,2.9725206962424386,5
,5DCnA57Dve8W4GwXMrTwpB4MGzSGpcVdhwfvnGra8JkFK2yD,261,django__django-14752,False,True,True,2734452,3072362,0.89,1.524446813068061,5
,5DCnA57Dve8W4GwXMrTwpB4MGzSGpcVdhwfvnGra8JkFK2yD,262,sympy__sympy-23534,False,True,True,8255502,8888462,0.929,-1.018061080700847,5
,5DCnA57Dve8W4GwXMrTwpB4MGzSGpcVdhwfvnGra8JkFK2yD,263,django__django-14855,False,True,True,7883272,4909060,1.606,0.833791851906658,5
,5DCnA57Dve8W4GwXMrTwpB4MGzSGpcVdhwfvnGra8JkFK2yD,264,sympy__sympy-24539,False,True,True,4679346,2967514,1.577,1.2355117547439605,5
,5DCnA57Dve8W4GwXMrTwpB4MGzSGpcVdhwfvnGra8JkFK2yD,265,django__django-14915,False,True,True,5946319,5846572,1.017,0.08103098624577147,5
,5DCnA57Dve8W4GwXMrTwpB4MGzSGpcVdhwfvnGra8JkFK2yD,266,sympy__sympy-24562,False,False,False,12827695,8785167,1.46,0.03331358124446813,5
