category_scores,hotkey,last_submit,screener_passed,status,total_score
"{'Easy': 1.3469635185999342, 'Medium': 1.1272064666285235, 'Hard': 1.750730623477807}",5DhHqmB1BzyW6qsZ44EhajM8dXKChxRqB7vqZTwojm1WwsSz,2026-06-16T14:55:41.019513Z,True,scored,1.4095269365881329
"{'Easy': 1.4327108425531785, 'Medium': 1.4165100409122644, 'Hard': 1.3109494226776288}",5EFLeDNSU5Z2QqSGLZeEJkxV9PBM6EKTEDaB6b8QgHRXBwJY,2026-06-13T05:53:40.793774Z,False,failed review,1.3858036872375816
"{'Easy': 1.2805023155491622, 'Medium': 1.1965782069858548, 'Hard': 1.5246235712896468}",5G6J5dA18opafejjFtSsTXWjqp19nzQahGemNUmNQ66Tz8UW,2026-06-15T10:42:13.986307Z,True,scored,1.3349693455894034
"{'Easy': 1.1265061448577, 'Medium': 1.4212485790714267, 'Hard': 1.2814159120411155}",5GsHHNmexGGkrdjZPHW5jyCcgfUodazHeEhPBx4Rpxmy17KB,2026-06-16T08:52:00.656616Z,True,scored,1.2793878933327285
"{'Easy': 1.220380939739461, 'Medium': 1.4227524178332338, 'Hard': 1.0237331705698498}",5CJs9EmL4Doo7ra59BVmnmgDQDCPPDppwCQnL5GewDBFM816,2026-06-13T19:29:47.822402Z,True,scored,1.2223270007736753
"{'Easy': 1.0415929111075055, 'Medium': 1.1116580728498855, 'Hard': 1.4538794501474719}",5ECfdygSqeMH9h9uamHhD6VpZrtSCpA4PPBpVAuJQ7Y2VaN5,2026-06-11T07:51:01.448728Z,True,scored,1.22090736371716
"{'Easy': 0.8647182640379754, 'Medium': 1.5566869513014847, 'Hard': 1.1937691169835443}",5Dk5CXJq2KUafPDm9DagqsFQEqSCA212idjW9joVMQubmmRt,2026-06-16T03:18:34.191299Z,True,scored,1.211864907709062
"{'Easy': 0.8739184906406017, 'Medium': 1.3938603105982281, 'Hard': 1.3274507613552657}",5CkmCSL3fZ1y5RWjCRnNJtSGavyhJM4CRcDMgTPV2NALR9Mf,2026-06-16T06:29:02.098729Z,True,scored,1.2048996814691808
"{'Easy': 1.2598702519954719, 'Medium': 1.1173284649581792, 'Hard': 1.1579727708932346}",5DZU8JcduRKR9f4PSwJgVntqiBdVs6Cqx533F9M7Qbnwdrev,2026-06-15T10:42:33.336176Z,True,scored,1.1767609008280324
"{'Easy': 0.9316533452730393, 'Medium': 1.1153663792638575, 'Hard': 1.4368210417877458}",5GCWaCnbJkwJGo7FUjqNn1TNUySrZtz2PrwSyQyjYMobnZkw,2026-06-11T19:25:36.160197Z,True,scored,1.1665576352571332
"{'Easy': 1.373315594874235, 'Medium': 1.1909870974116634, 'Hard': 0.9235347106642156}",5GgUhFiG3Vx8EGPcq29FeXeWXRDXQq91fiXdBDueae3W5rkj,2026-06-12T20:16:30.758688Z,True,scored,1.1583984051055536
"{'Easy': 0.8742425978049635, 'Medium': 1.2490691372030698, 'Hard': 1.2804458474827012}",5HVTBzthVDi5v4TeLukANBbAXX9PVYW5K2hiMYKRWoik3cjk,2026-06-14T01:26:29.792341Z,False,failed review,1.13979272609075
"{'Easy': 0.710182445536546, 'Medium': 1.1352807076810825, 'Hard': 1.436726333882528}",5DM9q9FkbY6hj6swf8rQgb9Rh8ndUbRDw2hvu4FPLSaFFh2z,2026-06-12T15:01:08.891655Z,True,scored,1.1305920183725497
"{'Easy': 0.4708835251744814, 'Medium': 0.8602274740742546, 'Hard': 1.4544649812464057}",5F1M1CyXLxG5cyPgX6itTHGChQET9j2YQsNNHLphWPySP4g4,2026-06-11T20:33:57.822192Z,True,scored,1.1209198132578004
"{'Easy': 0.6652981462018159, 'Medium': 1.0656936809465911, 'Hard': 1.4788108380527358}",5GxLcCzndqqhQRCiVN4wxouY5RWnE7bFCXzgemD7r9SMYYoB,2026-06-11T22:47:54.976991Z,True,scored,1.1152877532005343
"{'Easy': 0.8729477910361769, 'Medium': 0.9841915084301922, 'Hard': 1.4386499800611574}",5H8ufxt36JczvvhfKdphUirU655QWRgRBM6gDWo5sxjzW37W,2026-06-10T15:29:33.805168Z,True,scored,1.1031093992186358
"{'Easy': 0.32556208157419775, 'Medium': 0.9615936875649194, 'Hard': 1.3850969939748747}",5DiPbbgTa2zFVFur2pTTwZ2DF5StgvExoEhWebwYzHHfNG2R,2026-06-09T23:09:22.653983Z,True,scored,1.095849583015723
"{'Easy': 0.9619638299195072, 'Medium': 0.7673266747171255, 'Hard': 1.5210146234985267}",5FWiPFWe2NCwcQVXM3ZHNpJjmFxdPp8oBZYkDH695yuDbztj,2026-06-12T07:57:07.107207Z,True,scored,1.0858644669675641
"{'Easy': 1.0204281570717857, 'Medium': 1.15917917328765, 'Hard': 1.0600659193098094}",5DskVPR8AKnK7RZHMnHFVXAmzTeybabERi4D5fdGoEWSjMda,2026-06-16T03:23:56.351680Z,True,scored,1.081080341746107
"{'Easy': 0.2301674821242683, 'Medium': 0.9555885331110661, 'Hard': 1.2962238422101224}",5GmxAVmh5aELdJdLFv6PjTFeX7FaTXtJBGwt1xHzCKyx1rfB,2026-06-11T14:32:14.972733Z,True,scored,1.0800042436882462
"{'Easy': 0.9789322488336181, 'Medium': 1.3677980292548693, 'Hard': 0.8870689890962069}",5Cqek9Ddsmxa1kPL3DZ91VbWYGAZKScoRrUN62jNF7GSofTZ,2026-06-13T15:22:14.856736Z,True,scored,1.0799131058661242
"{'Easy': 0.834070463026718, 'Medium': 1.033015227333868, 'Hard': 1.353058982046159}",5DCyrgZPMoxDoTzbbTVjgsek4hh7V2TPMetwA3RJ1WzAkrEc,2026-06-09T21:39:56.667745Z,True,scored,1.0781677793577593
"{'Easy': 1.0201491321543426, 'Medium': 0.8820322283817692, 'Hard': 1.3279939211113616}",5CaXJvVUAib6BoejpHeUgvgmno88iJhCPmDxQ539rgN3p8Uy,2026-06-10T13:09:58.081636Z,True,scored,1.0778566131170546
"{'Easy': 1.0679492850340582, 'Medium': 1.259591043541728, 'Hard': 0.9014026245082212}",5C5KNxMNSM8TnprZC5xKoZE8iHZNafFqoFaVBidz3CRRQAcu,2026-06-15T22:22:13.319935Z,True,scored,1.0764816183478807
"{'Easy': 0.6174284737154174, 'Medium': 0.9909820379478749, 'Hard': 1.512274192699886}",5HQwXjLCKzjZo8kwzhKuRXXPmKZF1PCoocVtRdawsELLwUnG,2026-06-10T09:26:11.212199Z,True,scored,1.0613161101446504
"{'Easy': 1.0812096636416886, 'Medium': 0.966124821224219, 'Hard': 1.1100168595139497}",5HGV7HPNry8TM8Yg1VkL7ixzfGXpBhVNXVpn2bdNLBSRKXwo,2026-06-16T03:21:19.167139Z,True,scored,1.0518752638163171
"{'Easy': 0.9461056854567191, 'Medium': 0.9753760293299107, 'Hard': 1.220159137933452}",5H3CxYwb9jkESJxpScniak1gxb33SopnaPMdDMEkeAXUPZF7,2026-06-12T15:01:24.394578Z,True,scored,1.0492357762156947
"{'Easy': 0.3415582796201999, 'Medium': 1.0697119302521871, 'Hard': 1.307325533958859}",5DqgraCiBfmJjNmCcDWPzVDGRKVYiXKNG5vyjshtUteFd8JA,2026-06-10T20:22:26.260971Z,True,scored,1.0423947073494935
"{'Easy': 0.7908653013346045, 'Medium': 1.2410712369197112, 'Hard': 1.056855048810311}",5GKM3GACUxC87qn6VecDGASrNyYDKmJRX5hLDsBaXtdCGvPF,2026-06-14T23:39:01.586509Z,True,scored,1.03437183357528
"{'Easy': 0.8743583661447438, 'Medium': 0.8980962117977134, 'Hard': 1.2795072888676309}",5FUQmobmRADjsKxoy1eCx9VJPU6WduHDG1y24C5ZbJ56Bg8z,2026-06-10T13:26:03.656629Z,True,scored,1.0201798673925353
"{'Easy': 0.05953963564794851, 'Medium': 0.9983856831924012, 'Hard': 1.4754642448680855}",5FeUW5dDrHikuYCigbncMNGGsxpsMXGDCHDAfbX8894NjVK6,2026-06-11T08:07:33.994195Z,True,scored,1.0066460240649322
"{'Easy': 0.8318567158417922, 'Medium': 1.1324828769747022, 'Hard': 0.8406310926009306}",5FCRm5fGMYtiii42ProB2cTGoYdYkj7Navn1FPN3ZoP3YpyX,2026-06-12T14:21:08.207365Z,True,scored,1.0034542794501853
"{'Easy': 0.9777231914891926, 'Medium': 1.0701512058898413, 'Hard': 0.9347500125828843}",5EPN2pxZRBU4zWAgBWjcWfLwdr7jXAQd21w1U46qYUgn2wvA,2026-06-16T01:21:18.067257Z,True,scored,0.994537835557268
"{'Easy': -0.42738180206164333, 'Medium': 1.0208502788699354, 'Hard': 1.1546524614330798}",5CzMuu21NGJYVywTq6bZPrbpS42n6J9v1vx7WHyJcmVtC5Qj,2026-06-16T13:35:49.139071Z,True,scored,0.9899105972040996
"{'Easy': 0.7252816206150339, 'Medium': 0.8328841961545281, 'Hard': 1.3764803912641428}",5D9iuzMxcNajPdLJNoHjUA4Tc7i86jrnJ1ZnHde62z1PermG,2026-06-13T02:32:40.982246Z,True,scored,0.9853464503632559
"{'Easy': -0.5734860661790058, 'Medium': 1.0696636046750907, 'Hard': 1.1148065282947277}",5HLBjkGJVbgeQv3WpU2ND4cYAFNS5YQ2Dnb1Gh1MgsiQAyWy,2026-06-12T07:30:30.842594Z,True,scored,0.9764428371368634
"{'Easy': 0.6998714181681525, 'Medium': 0.7231879972124045, 'Hard': 0.7762531302351938}",5GYho2fchpYv3BAECHMTV199uTyrMDBHfdShFJr7c7GekWeh,2026-06-11T15:02:08.156550Z,True,scored,0.9730394980366155
"{'Easy': -0.1658113257546332, 'Medium': 1.1027246460773013, 'Hard': 1.2399855219012954}",5E2TP68WLmQJcwFhQqTaMwbh3bQj6rAy7TSYKTtQnt6iTPvP,2026-06-14T04:55:02.129057Z,True,scored,0.9730276279226455
"{'Easy': 0.8188866392123701, 'Medium': 0.6938546989018306, 'Hard': 1.3923298014317131}",5EJ65CAaEH1xDaHsUyQfZg6GH3UDeS26iuz6E4H117MJyg3C,2026-06-14T17:04:53.466671Z,True,scored,0.9713464546613633
"{'Easy': -1.443388458682647, 'Medium': 0.9040612336888776, 'Hard': 1.012928572387704}",5EyhoYp17rKjUJmKJ6ZrZvkap4zxtaqb5Hy1kUESNc2iSWNy,2026-06-14T04:46:21.775577Z,True,scored,0.9663223253313573
"{'Easy': -0.5464843754808579, 'Medium': 0.8450510104479525, 'Hard': 1.0514136378722618}",5D581UDhZYmDP8QMwuKgsp5iadbVRDZGzLvgztGBSPdS1b2m,2026-06-16T03:04:42.123893Z,True,scored,0.9660477959889375
"{'Easy': 0.7593496897454521, 'Medium': 0.8894531459541852, 'Hard': 1.206370402296237}",5Ehwp7iECedzFb6FDCMU8frZzTennXiXuwtsDfyC1U1SwuCD,2026-06-10T12:50:08.699655Z,True,scored,0.9555719071236881
"{'Easy': 0.9135687420205816, 'Medium': 0.8045642564633173, 'Hard': 1.14242224193318}",5Ci8CKrgxxZgXoCySseLLz5Q7P2QLkKLsApGyd38YuJbMmG1,2026-06-11T14:30:50.440113Z,True,scored,0.9543174069013958
"{'Easy': 0.8771042506305999, 'Medium': 1.1353806848759689, 'Hard': 0.8393197883447172}",5DJkgwhA1CudZV2ajWswu3Z9Fq43wB1p6uqCTZag1Fq2WEXK,2026-06-12T23:57:17.705587Z,True,scored,0.9520715210968254
"{'Easy': 0.8945113558615496, 'Medium': 0.8265747288783505, 'Hard': 1.1085105533938204}",5GBPFAAeKQ8KTesZyQWcXgvumdUAcrrexJiLEzE75ZzkjjxN,2026-06-11T20:35:54.073774Z,True,scored,0.9441726298482331
"{'Easy': 0.4120870673965005, 'Medium': 0.9895034777621001, 'Hard': 0.975568868287815}",5GsYoWcDVN9iuZKWuWcy453HVyoCS4D6vsznW9GWYo8Ue1QK,2026-06-15T08:35:07.657380Z,True,scored,0.9308406611354272
"{'Easy': 0.3605948072804548, 'Medium': 1.045718449052048, 'Hard': 0.7014695835564995}",5FqfEPFi937maZ9JvxVKF3GZTqPtwihayWsMzgwZeJahYuwA,2026-06-10T17:34:04.849195Z,True,scored,0.9298644147935526
"{'Easy': 0.6556164600959855, 'Medium': 0.9495235391182284, 'Hard': 0.9935187323598473}",5DZLFZj46PcVWstRzADK6PFs8eE9XhmHxXGuj72cbaGnC6VC,2026-06-14T21:04:37.362508Z,True,scored,0.9293035531093947
"{'Easy': 0.7482571709852968, 'Medium': 0.7207304894955495, 'Hard': 1.304477008766991}",5Eo7tJhBBv9xAtkCocyEQ8Nx7tpp4KoRzV58Aqoa9acSnwJc,2026-06-13T14:25:37.029583Z,True,scored,0.9280128441245576
"{'Easy': 1.0232711836731347, 'Medium': 0.646500197425028, 'Hard': 1.1019378227396839}",5Dt3utA2SbttmEUbtCCiWd5Aa3WXcGvkPb2xR6YnQH7QzRQw,2026-06-10T20:07:35.215811Z,True,scored,0.9219157056314051
"{'Easy': 0.5437734152230309, 'Medium': 0.9610409827075967, 'Hard': 1.1819858298763926}",5GWXUTu3rxJsfeBHnd8n32jrbEVWpbsbpejJEXYTT7YWxTbM,2026-06-16T01:23:39.598687Z,True,scored,0.9026366091499263
"{'Easy': 0.29097379835949777, 'Medium': 0.5168024862986913, 'Hard': 1.2655572370327874}",5GYSDvK3a7f1XH2fDxhL24i1dCr18vnJdQtVSiMUuYkiW6Xn,2026-06-10T21:32:48.825977Z,True,scored,0.9022081813067393
"{'Easy': 0.9240217586331578, 'Medium': 0.9160103520405256, 'Hard': 0.8644399778012648}",5CwZBKyLsnzK3fqmD56qNntvBAcBi7D4Ss2sc4u6xhjNJHDc,2026-06-08T18:17:36.259419Z,True,scored,0.9010400749088197
"{'Easy': 1.0471484522784635, 'Medium': 0.37610561851166047, 'Hard': 1.2390448836212258}",5CmLSfa3BT79PSn5JyddzLBimd8UeJZ9uz7k2qoCsAn37neq,2026-06-11T23:18:48.224759Z,True,scored,0.8842386754542897
"{'Easy': -0.1895131471230087, 'Medium': 0.8893495831866725, 'Hard': 1.275336307266115}",5G4Q4qLHPLosmExpoLzLj9YVf1WP1ATHGbdfgcLiRbq5HRxD,2026-06-08T20:18:43.589023Z,True,scored,0.8837587555655224
"{'Easy': 0.9248791298326307, 'Medium': 0.9804726911606094, 'Hard': 0.7252072012570094}",5EvEGExeSSwaEgofMNtaWABUkAmD1YFYQ6AbrsKPjfdn7vxa,2026-06-14T00:25:40.966903Z,True,scored,0.8758924849684329
"{'Easy': 0.584475214194847, 'Medium': 0.9744873616925416, 'Hard': 0.8959052569072066}",5Ctm5ycYHogNi9g8KtsviCYiiqnjKBHEurm1PSBGcgRV2cKd,2026-06-11T18:07:49.856904Z,True,scored,0.872605297830523
"{'Easy': 0.6647182246264496, 'Medium': 0.834666409884961, 'Hard': 1.0970304299040032}",5GhVbHSRGtfbmFnrhHJC6Bto5h8GB6irgthQCaP174V4v35f,2026-06-14T00:25:01.704247Z,True,scored,0.8695179364637617
"{'Easy': 0.689128855666004, 'Medium': 0.757198444169151, 'Hard': 0.904307379241259}",5Cvk1FdGYiL2c7KPztRUUwsPxvozhvrk6YFDBgMfDLpe3NcV,2026-06-11T02:43:30.970411Z,True,scored,0.8655822656609287
{'Easy': 0.8626816449995385},5E6zgcVJmJBA9MYiXb43PvGiJjmRn58BrfyvkjmND5WXJKnn,2026-06-16T15:37:01.667277Z,False,in queue,0.8626816449995385
"{'Easy': 0.9616085255552811, 'Medium': 0.8307002961543644, 'Hard': 0.7859898491291384}",5DvQk4fgQt1pAEVfwbZn4gaquGSZHrC58ysHgNWSwfpuSiqA,2026-06-13T19:55:42.204797Z,True,scored,0.8573893775740808
"{'Easy': 0.8259442264413188, 'Medium': 0.7384949780690526, 'Hard': 0.9878005925620696}",5CZgBHpiWanScWosDAWksEDh1onVpjtLheSSdG56dRDTCAbB,2026-06-16T15:34:21.017866Z,True,evaluating,0.846477432084578
"{'Easy': 1.0884332994585666, 'Medium': 0.7548235742137672, 'Hard': 0.6899099664703234}",5EUVimNNDNrwodVB1LfzfhMzUdvG2pwfXWrmgBG4X3NG5wSb,2026-06-11T20:23:39.681488Z,True,scored,0.8395080596593321
"{'Easy': 0.7000114875489283, 'Medium': 0.6912029436883378, 'Hard': 0.73464425087686}",5GgqHgSdxgALgAMbweEZ879sk3upkY7ZGjeecAan8zixcnVG,2026-06-12T21:37:28.054909Z,True,scored,0.8109447250165092
"{'Easy': -0.17707823006538437, 'Medium': 0.9190443699072981, 'Hard': 0.8465118833477483}",5E2hs3PFs7Y3Urc6quckaSy11xNz5r2KXJ5Q4zjHKSmu2YdE,2026-06-15T15:34:50.647242Z,True,scored,0.8056756980231663
"{'Easy': 0.8529917720396156, 'Medium': 0.8652611450999617, 'Hard': 0.689122963739667}",5FesCeceNNdWz5uD9jgnbLDgJAMa5oBD2f5eVQtEhT78R7BU,2026-06-11T23:04:51.642057Z,True,scored,0.8014479640581502
"{'Easy': 0.29697608236134876, 'Medium': 0.9022885638630189, 'Hard': 0.9237738766630113}",5GRRZUYceeswCMT4AQoKMKLRvXgK1Njwfm6XMKaturFqP626,2026-06-09T17:08:58.391103Z,True,scored,0.7812855496226465
"{'Easy': -0.2915209780919099, 'Medium': 0.8715274437730907, 'Hard': -0.03540237476629349}",5EHLsayYAiJa26doZMfXKhrpeuoK6kqAud5wj43VjJgmwS46,2026-06-13T01:25:29.613596Z,True,scored,0.7161994011546984
"{'Easy': 0.27469084853312875, 'Medium': 0.617033081349617, 'Hard': 1.1652115337471045}",5Hixdfvu9XyXX5gSyXsZ58gA6nYVLBSr7hW9Ty9sWxbPnD5P,2026-06-13T11:19:56.676986Z,True,scored,0.693864240663487
"{'Easy': 0.7448376040158973, 'Medium': 0.5439667424910475, 'Hard': 0.7178938118033829}",5CJ3qYQ4ZNiezAd21fpA73KYWzGdWmke6QYU7gsHgMpbkLus,2026-06-14T16:29:17.652280Z,True,scored,0.6673806217451936
"{'Easy': 0.6014728394624687, 'Medium': 0.5704554886659761, 'Hard': 0.7132085001541801}",5Dt8wmVq2gBpnboxgJFvTyTzaUa7ys7fwfPsWtQ8BavS2bct,2026-06-16T06:17:06.099769Z,True,scored,0.628917064826843
"{'Easy': 0.4984377189393987, 'Medium': 0.29354620482433713, 'Hard': 1.0517569725674587}",5ETwa6smwUa7eB8aBfNjtRL8ujj1S5zWxVw2ZX3SEboiBZEY,2026-06-10T17:55:55.058891Z,True,scored,0.616903150373818
"{'Easy': 0.34505505017543747, 'Medium': 0.35946160630693136, 'Hard': 1.0282892138059587}",5ECsyg7iGn5T7rqBS7QBAfX2tmJdrcN9yGCWSYeVXivcbyij,2026-06-15T17:52:31.463023Z,True,scored,0.5822528948945225
"{'Easy': 0.37795044500459074, 'Medium': 0.15212233803465125, 'Hard': 0.9932121415816253}",5H66TCkbrTWU3W1W1ppkHnq5w7JH9Er829Ziz5zu7o67Tp7V,2026-06-16T13:15:52.909278Z,True,scored,0.5103578654710033
"{'Easy': 0.2839406895695422, 'Medium': 0.17135692465433472, 'Hard': 1.0483375599419302}",5GZX1HBHmnNE6NpUpSbkdta75H9MyXK7ddsCnugBMzqTgUK2,2026-06-12T15:02:05.837240Z,True,scored,0.5055571454249836
"{'Easy': 0.1929755380460625, 'Medium': 0.2325994272114862, 'Hard': 0.9053339019172704}",5GqJjt7q7gfb7nFttzrq3zwiNHVKcbCihqhYTvFyQhDYGEEs,2026-06-13T15:47:04.659145Z,True,scored,0.4486495040785172
"{'Easy': -0.8775387314671206, 'Medium': 0.5630827168542831, 'Hard': 0.8687571144461508}",5G26PEPrKDUnRG2qg4pagp4Uvq59D3wGnzxPri8t2BaELM3u,2026-06-08T20:59:41.297852Z,True,scored,0.4369038536499765
"{'Easy': -0.3638338395235863, 'Medium': -0.18933974949479815, 'Hard': 0.8499734039426743}",5FRUesGSMueRhn4S6UjkFTY3aUawdd7vMLL45ctm9twXWfrb,2026-06-11T13:01:05.650813Z,True,scored,0.12741792987091305
"{'Easy': -1.1868003047457099, 'Medium': 0.5832246569153989, 'Hard': 0.2257461980081379}",5GGyYCHRykMWbyouXtATvSGXHhoT1AiHzpahECpFKvyAbKnf,2026-06-10T10:12:53.781964Z,True,scored,0.1151620660445074
"{'Easy': -0.22771263975669997, 'Medium': 0.4816603105669852, 'Hard': -0.6335132823986953}",5Dt1C98zAd9fNv36tBUhVpWkMBxD2E9msRTYHXMy9Ume4KnV,2026-06-16T14:55:27.974842Z,True,scored,0.0614015441486222
"{'Easy': -0.2674373984240406, 'Medium': 1.2440194720954025}",5HZ9HWRfp5GdZQDGVk9CrZhJAyn8TZNA449geBXhoZDAqtfX,2026-06-16T03:49:40.325123Z,True,no api key,0.03485397567984805
"{'Easy': 0.2757548738150426, 'Medium': -0.42921939386356067, 'Hard': 0.04327423986901291}",5EFCcz738jS63EaAFa1t91UNueVcgdTdqJLLc3Jf3zzikd7C,2026-06-14T14:21:11.708314Z,True,scored,-0.042979792737332545
"{'Easy': -0.35965183608461304, 'Medium': 0.005765474308653928, 'Hard': 0.12224240800293185}",5FCV3re83d4WCYo6jjbKNGvsLSDwHEpMb7M2mXWowAe2FJrK,2026-06-16T14:54:43.363115Z,True,scored,-0.054203320808218436
"{'Easy': -0.10269636405856497, 'Medium': -0.5048132373289413, 'Hard': 0.13435607463166566}",5CFLZtt6Ez1s7FAbGFMQDMU5fGgtadSMvwcrBKJCM6pEvA3Z,2026-06-10T21:33:15.549369Z,True,in queue,-0.15881827181581443
"{'Easy': -0.31606458608256993, 'Medium': -0.35404350393047723, 'Hard': -0.03631616145960859}",5GjfFyiQXB5pvX3o81SUAox28ZNcrd33nAUgE3GahDGkxcu7,2026-06-12T12:49:46.056650Z,True,scored,-0.23386295377905153
"{'Easy': 0.3809982889910657, 'Medium': 0.39174367975031643, 'Hard': -1.733382995122299}",5HjCmzdhitt8fMAMXR2FSkwsaFK7wHEBoQBixioqv1SchsJP,2026-06-12T18:30:52.331955Z,True,scored,-0.35119082469130447
"{'Easy': -0.08789148209087028, 'Medium': -0.12883709347118044, 'Hard': -2.230721005250961}",5GjMm9ysBsmmjyX7MHnLxx76KLHzwuXMQEQUqytxAqSyW7ui,2026-06-16T14:55:09.774440Z,True,scored,-0.3705221370874261
"{'Easy': -2.1874893062481764, 'Medium': 0.42471380406106185, 'Hard': -0.22090823525957948}",5F9khyvoTbxU7MVKoxyCezZk7FDu496NwLvPHJo5jQkFEokH,2026-06-10T14:40:04.456976Z,True,scored,-0.3943302711532648
"{'Easy': 0.507373441936295, 'Medium': 0.28275333887574305, 'Hard': -2.3988933741618053}",5CqobqKZUPDRQKX8AiumKANc3NaE7tVqySy4DwP2w2xRh2Fi,2026-06-15T16:09:04.760257Z,True,scored,-0.4690476267325199
"{'Easy': -1.3852395551393673, 'Medium': 0.9111239181380073, 'Hard': -2.0016483362341537}",5CRnr7QSW8Q5xYqyDZDoT2a5NaAyEM7sUBzG4JHf9jVa3xuq,2026-06-12T11:09:31.009932Z,True,scored,-0.547565909631694
"{'Easy': -0.7066713390373103, 'Medium': 0.5170994700352658, 'Hard': -1.7885768814272862}",5CktnReyPwThRwXnrEBJM7J9c39o1HvxtVRhKzFsd3wvJ4xw,2026-06-10T18:50:10.505186Z,True,scored,-0.6226299000385884
"{'Easy': -3.5006001409680794, 'Medium': -0.017488239677831974, 'Hard': -1.9525409452284088}",5EvmuzP3MbNBh85c94BGDYeGvi5b8FpuoZbpqPkGGjTNTVVY,2026-06-13T20:34:23.446039Z,True,scored,-0.7914571739138214
"{'Easy': -1.8322446057480013, 'Medium': 0.16788685318919683, 'Hard': -2.082467745865369}",5GRbLYGJreYqvBg9ATcR5AXJ5VGvaHoCstFZQdyy6g149eRD,2026-06-11T15:28:59.219748Z,True,scored,-0.7990477746174633
"{'Easy': -1.4157412993233311, 'Medium': -0.8926983427926238, 'Hard': -0.35166160806839075}",5DRhhSfyRkeL5zX1fmFrGNnqLDv9ZatpcsxFV8yhCsaACz5y,2026-06-08T19:07:51.192807Z,True,scored,-0.876119599076211
"{'Easy': -1.6653856164445848, 'Medium': -1.2751326687305613, 'Hard': -0.05885499852827891}",5EhD3GfXGQhrp9wsvamGcC46HA2ksaXWnAETHZpQczNo178P,2026-06-13T15:53:39.989058Z,True,scored,-0.9864792041302728
"{'Easy': -1.3433120633004307, 'Medium': -1.3208742426601359, 'Hard': -0.3768017335983598}",5EqYbCzNCphW1QmztNNywccLwoWeM1PqRZHAM4TwsUsHQGn1,2026-06-14T23:41:08.329832Z,True,scored,-1.007069692184026
"{'Easy': -0.3010747945942436, 'Medium': 1.0543719650517902, 'Hard': -3.702085322422739}",5H6v798HWMGukmKdfe6ugZvjY3YajLEH6THUkGBM3RkeQLFm,2026-06-08T18:18:27.112110Z,True,scored,-1.0754437791758815
"{'Easy': -1.3471123975793522, 'Medium': -1.452615757326707, 'Hard': -0.8445910193192896}",5D1r14x6Qw5PZRUgkRkJMtpCfjzgEbF3JJS1TqTJTvmVC6e9,2026-06-11T11:01:55.324891Z,True,scored,-1.2121262712850314
"{'Easy': -1.3940681289406767, 'Medium': -1.3226955431608753, 'Hard': -1.00380967149378}",5DPnuS5Nu7HosT3iE3oqYJkwQbofSGGyFZKFGbrpKuEzSxUx,2026-06-15T18:20:59.643600Z,True,scored,-1.2371135742435992
"{'Easy': -1.7890013424253413, 'Medium': -1.4225822815900244, 'Hard': -1.1542749949155051}",5GuVh9N6vbd2ns4PuVMUUE64qxzBX1e1HRZDLdcDwcQgXomN,2026-06-09T16:30:58.759788Z,True,scored,-1.448611903587989
"{'Easy': -1.8941499680499652, 'Medium': -1.7658217058372987, 'Hard': -1.059146440295927}",5HQzJmriuQiA6m8Unce9FngufM6oL6JbmzZHnycWWKioab3Y,2026-06-09T20:59:45.052302Z,True,scored,-1.566617159461284
"{'Easy': -1.8200466960164232, 'Medium': 0.42478508710725116, 'Hard': -3.5512407700373063}",5GNf5mUBXEH5i3b6rjfzpX6M8ruGrXrPomeacsj4jvNQdik4,2026-06-12T17:55:44.209731Z,True,scored,-1.6363332775843036
"{'Easy': -1.974224061496085, 'Medium': -1.9281767651120618, 'Hard': -1.1991291008688223}",5H11C9R2ceiWDwyXn1ukFq3KmztuuogRNuEWNjroS1WvGKqa,2026-06-13T15:04:43.006913Z,True,scored,-1.695035694112247
"{'Easy': -2.175202595165038, 'Medium': -2.166299532673597, 'Hard': -1.362346858813158}",5F7ZFW8JyAr549hKJarNFCT2UMk2gFZvXfvoE46FTzd5ysnq,2026-06-10T13:48:40.341273Z,True,scored,-1.8958046035583083
"{'Easy': -2.2410731933835426, 'Medium': -2.7719717154165178, 'Hard': -1.1107155684113614}",5GxVDi3od8Fvjs2E8oxuuAcLE5Vu3D9bCphSEK9gH8RSXyV3,2026-06-12T21:23:23.268002Z,True,scored,-2.0372570983842113
"{'Easy': -2.450939513849215, 'Medium': -2.846905726396034, 'Hard': -1.2947865963474312}",5GNmCqRoeFnRjDmo7Zi1ujMp3kvfhgwWP3AugDxDoFn7Pgtv,2026-06-10T13:51:45.556921Z,True,scored,-2.192476034164528
"{'Easy': -2.9571961151520085, 'Medium': -2.9092041847452133, 'Hard': -1.1998646317037767}",5HDfzfykJZrdW3Y2kac1UVEPzJUrN3nE2wFUxn97ywcTWsS8,2026-06-12T12:54:03.323968Z,True,scored,-2.3433861544412995
"{'Easy': -1.7712092868984675, 'Medium': -1.3840316482152533, 'Hard': -3.4451616378696692}",5EegY4k7NMNpXRwxbhS15BesgeekxUhfDyFkmxBAuhqi6FmV,2026-06-11T15:01:53.725260Z,True,scored,-2.3843985980299136
"{'Easy': -3.075342353056171, 'Medium': -3.243868089535427, 'Hard': -0.9074062348378522}",5E9bq9a7NnpabkAw81HtLyki4Bxf2CYPyi4su1TYbn9ZhQ32,2026-06-11T22:03:56.986951Z,True,scored,-2.395542823264891
"{'Easy': -3.0183383073903864, 'Medium': -3.2065177387725377, 'Hard': -1.0625311332729384}",5FnnByy5Z1giEGNutEMt8BdvD5LLXs4QbYnHgMR8WD6p9RvF,2026-06-11T22:04:21.210346Z,True,scored,-2.417344874860387
"{'Easy': -2.826219406132497, 'Medium': -3.3012152674174926, 'Hard': -1.4117647058823528}",5EP1eurVw3QWQX617GMt12cmZ1E4RV948Lyjsz1UbDrAKEj6,2026-06-13T20:39:50.059100Z,True,scored,-2.5068034008843454
"{'Easy': -2.9504390434605954, 'Medium': -3.3111901853064283, 'Hard': -1.294783339694824}",5FXJhNMzegEh3HpGVCzJfQBTmjbi4e5EnQHFMVw8eWxiiMfB,2026-06-09T16:39:00.903957Z,True,scored,-2.510171492407819
"{'Easy': -2.8882120566504383, 'Medium': -3.313645699728882, 'Hard': -1.4117647058823528}",5Cck2JNmqwxE4ASv8qcrEJp9YCnrSp5cVYRaFKVMRF3Ciu8a,2026-06-13T13:27:35.786206Z,True,scored,-2.530867396035959
"{'Easy': -3.082024715219636, 'Medium': -3.312371362200974, 'Hard': -1.4117647058823528}",5EqFgCwpUTfADEG2ecFFgoVNSyVMtEMZ2g8MFhoamVAczcoZ,2026-06-13T14:21:55.266155Z,True,scored,-2.5924541720186145
"{'Easy': -4, 'Medium': -1.5561292837507046, 'Hard': -3.0079548306078587}",5DWdSTwgy8tTGr4JsKZ1vGtQ92koumw7kysJSdAv28qZ3rCX,2026-06-08T22:01:13.830977Z,True,scored,-3.023666111287392
"{'Easy': -4, 'Medium': -1.2031869808115747, 'Hard': -3.117169327726975}",5EbZpQ6XSsdRoUavAuLn3GqrGBLNLxAw2piyjzf7JRGHKjTK,2026-06-09T20:20:54.186164Z,True,scored,-3.062440441997903
"{'Easy': -3.8330973731074116, 'Medium': -4}",5GZKZ2p64m7zgJKNnrkoyXB7uu8X5ZHzx7MgKTT8deNPiWVu,2026-06-11T16:43:56.203305Z,False,not qualified,-3.0922038742989217
"{'Easy': -3.756154212240337, 'Medium': -4}",5Co47RKd5pXVh3DAYfjb3XqmZndMuHhh9VbkY6ABcAMpFSNG,2026-06-11T21:22:21.020689Z,False,not qualified,-3.8049233697922693
"{'Easy': -4, 'Medium': -3.6181599420897363, 'Hard': -3.023880155207063}",5CJPqSg5wGWVwsvNrtQgtrxzRzNXhXWjbfF1pBsgreLz53eG,2026-06-09T09:45:45.778448Z,True,scored,-4
"{'Easy': -4, 'Medium': -4, 'Hard': -4}",5HdKbY59t83KsSZxY9kmf2EBrRCrzMwVvkq6P2MQJstkWpYz,2026-06-11T16:44:02.051957Z,True,scored,-4
"{'Easy': -4, 'Medium': -4}",5CM9dr1SZcrhQSgoUgHEAbwGY4SjmVyr4KVS9xT1BNEgkm8D,2026-06-08T18:23:49.755308Z,False,not qualified,-4
"{'Easy': -4, 'Medium': -4}",5DAnjvxyGvnxoB7jQgLJwK9RtGemyEyxndS1k8xi3D241SGH,2026-06-10T15:50:47.652007Z,False,not qualified,-4
"{'Easy': -4, 'Medium': -4}",5DhqqkHfbjCikxzuYK3AsoFEszxK6AzWyigN8sFCba7YW4sN,2026-06-10T14:18:37.102988Z,False,not qualified,-4
"{'Easy': -4, 'Medium': -4}",5DvZs56KL9hNhtzRDDCwfyURFMKn2wuDdhCdHoT9F8SRrqKB,2026-06-10T14:48:22.761178Z,False,not qualified,-4
"{'Easy': -4, 'Medium': -1.2120309889220446}",5Dz3TdZaDPuaGbqqnPZSwKThq4RziX2Kwb1qKXj67rzeT4sp,2026-06-10T20:30:21.102342Z,False,not qualified,-4
"{'Easy': -4, 'Medium': -4}",5EKyJnbyNSa9hN6fHEdwUrisGvZMUfi1uxAgppwCQBVpyDrp,2026-06-16T00:41:14.238524Z,False,not qualified,-4
"{'Easy': -4, 'Medium': -4}",5Ek4cQRMaB7XtiqWHhAocWRBqbZLA6vxztvatFDc4vMbDudB,2026-06-09T23:14:06.748646Z,False,not qualified,-4
"{'Easy': -4, 'Medium': -4}",5F2Bru22C1Kzk4stsE6g3onSMSfX92Higx43PG3naq7Tocgz,2026-06-09T23:54:39.089225Z,False,not qualified,-4
"{'Easy': -4, 'Medium': -4}",5F4doUpga5SZvXy4Rj1yMkL64zDdEPMZR5QLstT52Xq5oBcN,2026-06-09T15:40:59.538047Z,False,not qualified,-4
"{'Easy': -4, 'Medium': -4}",5FBfdE5qHwhMwzRUG2LMYeKzH1vUWhM5kfjxmcfgeXeymc2g,2026-06-10T04:47:55.732132Z,False,not qualified,-4
"{'Easy': -4, 'Medium': -4}",5FNMwjex4hAKUMe9ocRpD1JjnHpygr5LSMrchytoWrjgn3fw,2026-06-08T23:49:05.488097Z,False,not qualified,-4
"{'Easy': -4, 'Medium': -4}",5Fes4VF4z6mE8KbZQMpHS91cF7epRYkwFwCK9NcY1bzE7vKG,2026-06-11T14:59:25.820551Z,False,not qualified,-4
"{'Easy': -4, 'Medium': -4}",5FmnEhXo6eyYDsrd9nhfqrpYDd3Sn6YxuDbUBA5DUgmrWdnU,2026-06-11T14:08:32.585724Z,False,not qualified,-4
"{'Easy': -4, 'Medium': -4}",5FpY8hCUtsuuwzecVVZmX3R4woeSVgB68SSSj8HY4F9dFg1g,2026-06-09T20:43:14.643372Z,False,not qualified,-4
"{'Easy': -4, 'Medium': -4}",5FsGpqGKsxyQ8Vyev9WzFgeq5APmFRfkzDDkEX5R3zPCn9xU,2026-06-08T19:42:33.671996Z,False,not qualified,-4
"{'Easy': -4, 'Medium': -4}",5G1UeLtFbPNJjqXgQ5Mxr5NprQBbV3WPSsXZrpSFvqfL9f8U,2026-06-10T23:35:07.404329Z,False,not qualified,-4
"{'Easy': -4, 'Medium': -4}",5G6s5fvnRmHbQK5jUmbqpGiWzE2KtxMGs59yqQGSkFDr3H8V,2026-06-12T17:14:59.451416Z,False,not qualified,-4
"{'Easy': -4, 'Medium': -4}",5G9KoxxYq3AJHU2SkVRjJMs3P1N7EPH8KjNSt5SzJZYG1GtC,2026-06-10T13:30:47.392288Z,False,not qualified,-4
"{'Easy': -4, 'Medium': -4}",5GToPcDxzRdjQivcoc6j8LV19ESREESo7dMr9CpBnDMtLk1a,2026-06-10T00:16:56.918050Z,False,not qualified,-4
"{'Easy': -4, 'Medium': -4}",5GgJnNqE7BhBgvSMDMo236UjxBEHG4vMJJ4QNGrjTQDPQnhM,2026-06-09T20:31:46.169840Z,False,not qualified,-4
"{'Easy': -4, 'Medium': -4}",5GjMnovtmZz5cjasUG1Mope2zWeoHMgXYL7sV3CtykRodo4L,2026-06-11T06:12:18.166659Z,False,not qualified,-4
"{'Easy': -4, 'Medium': -4}",5Gk7VXQM6itJH8AFTvYa4ZgWwRQF3SkP1KaMrXNMFF5wpfGn,2026-06-11T16:42:07.151722Z,False,not qualified,-4
"{'Easy': -4, 'Medium': -4}",5HdTr7PisVFCpuAALrNiQcaYx4cxF545ywSWYboJv6j5gYiD,2026-06-15T02:44:05.444965Z,False,not qualified,-4
"{'Easy': -4, 'Medium': -4}",5HdofXFGv4XMbpT3NdwhEAa2H7utsXEijkzp8drX8rWkRqQD,2026-06-08T18:17:35.013392Z,False,not qualified,-4
"{'Easy': -4, 'Medium': -4}",5HgzWVGvoCz431PKrA9Q2yaSYY3A1WriLzLcyt9gKUnieKYf,2026-06-11T08:15:09.930392Z,False,not qualified,-4
"{'Easy': -4, 'Medium': -4}",5Hn9ZNbvRFeF7dNgtkRNnzrxMxgZgXv63MLJvCwVVrQ2rBt8,2026-06-09T16:37:41.546266Z,False,not qualified,-4
,5CnziaBadcD5kVtSPMGqe4fMHHfkXeDweEtBWN3ry7C3RBiT,2026-06-16T17:53:13.663900Z,False,in queue,
,5D1oZVfHw8BCukUMFFpGegcQjxiJYZsvVBYgLpezmARRZzco,2026-06-16T16:08:58.222046Z,False,in queue,
,5DFvymSeEwuGdHzYQqTnrGYXQX6x89AS9V2mv7sBtQBcEKmS,2026-06-16T19:14:15.174596Z,False,in queue,
,5DaGJ4K7cYo2G6azsdSwWabnTqovsQ1e3NZnBkpvSUJhNKAL,2026-06-16T16:08:30.882240Z,False,in queue,
,5EF8nHthtDV3woo6oK2rNk3vGJ8ag6X1fzPMJuLhAZAMjmtc,2026-06-16T23:15:04.977235Z,False,in queue,
,5EeV9B2XmLTE5E8ynpFN4D6Q2HS2TxywnARKTYJFfYqT4AZF,2026-06-16T23:02:17.298324Z,False,in queue,
,5EkCiYX2M39wytrXyHxi2ZVKmEDyjKqSyeYGMNQ32HJVEAkA,2026-06-16T19:54:19.630141Z,False,in queue,
,5EqTAW8cnc5FYbWz27RoU4tNxirRLLG5RVjhnL9xtDUBdGPg,2026-06-16T20:46:30.256047Z,False,in queue,
,5F9YQUrmJzRWr8RCmu7Y29fDk9h3NRqRK7GmihKdsMQo27tE,2026-06-16T23:35:50.258094Z,False,in queue,
,5FxZizynNryfbK115oPGuc1NsdZS49rz9ay6VNVfFfMnbSgP,2026-06-16T19:22:48.407067Z,False,in queue,
,5GQevo9beEAVLz9Ub3guvGrtkf5oZSsxNbmdo6B8fV7mPtp4,2026-06-16T20:35:58.683388Z,False,in queue,
,5GQow1vgRLzTtBdQDsCah1NnkRY85fPLnAGhpJ7HDNSnnstK,2026-06-16T16:09:05.963894Z,False,in queue,
,5GsnC1vdzMM4FbAwEWmPaDxsQHne9dPVGiycEnapmgGR4Fjy,2026-06-16T19:58:02.456343Z,False,in queue,
,5GuKUq7zQ6LUcNuKqb521WNNBjgEHopRsUXoXzTPAodjhhzc,2026-06-16T17:06:30.426174Z,False,in queue,
,5HZ3rJu1Cbd8zz7Qnj59rr826ux9YK983GiJMAgy2yrksP1P,2026-06-16T19:50:08.294431Z,False,in queue,
,5GYPPzxC19E3LZrqa57hEnQ2zqAKFxHSegovXSTTGZkPoaN5,2026-06-13T19:49:11.346328Z,,no api key,
