hotkey,competition_id,task_id,task_name,is_screener,task_pass_wo,task_pass_w,baseline_tokens,task_tokens_w,task_platform_score,run_count,attempt_no,run_id,run_pass_w,run_tokens_w,run_score,time_taken_seconds,agent_steps
5DhHqmB1BzyW6qsZ44EhajM8dXKChxRqB7vqZTwojm1WwsSz,107,217,Will be available after uploads finish,False,True,True,1126760,976794.2,1.0731797302755806,5,1,51177,True,729866,1.1729998137467397,453.9789,35
5DhHqmB1BzyW6qsZ44EhajM8dXKChxRqB7vqZTwojm1WwsSz,107,217,Will be available after uploads finish,False,True,True,1126760,976794.2,1.0731797302755806,5,2,51178,True,875699,1.0819190792793205,496.2933,32
5DhHqmB1BzyW6qsZ44EhajM8dXKChxRqB7vqZTwojm1WwsSz,107,217,Will be available after uploads finish,False,True,True,1126760,976794.2,1.0731797302755806,5,3,51179,True,1787980,0.7250094065770035,554.6138,42
5DhHqmB1BzyW6qsZ44EhajM8dXKChxRqB7vqZTwojm1WwsSz,107,217,Will be available after uploads finish,False,True,True,1126760,976794.2,1.0731797302755806,5,4,51180,True,997335,1.0168869307973616,512.9415,50
5DhHqmB1BzyW6qsZ44EhajM8dXKChxRqB7vqZTwojm1WwsSz,107,217,Will be available after uploads finish,False,True,True,1126760,976794.2,1.0731797302755806,5,5,51181,True,493091,1.369083420977477,333.1177,34
5DhHqmB1BzyW6qsZ44EhajM8dXKChxRqB7vqZTwojm1WwsSz,107,218,Will be available after uploads finish,False,False,True,1584982,705874,2.9169153329096535,5,1,51182,True,977192,3.6046454152246845,550.3634,41
5DhHqmB1BzyW6qsZ44EhajM8dXKChxRqB7vqZTwojm1WwsSz,107,218,Will be available after uploads finish,False,False,True,1584982,705874,2.9169153329096535,5,2,51183,True,1305038,3.459993272518448,595.2362,47
5DhHqmB1BzyW6qsZ44EhajM8dXKChxRqB7vqZTwojm1WwsSz,107,218,Will be available after uploads finish,False,False,True,1584982,705874,2.9169153329096535,5,3,51184,False,547745,-0.7196004115838943,406.9016,27
5DhHqmB1BzyW6qsZ44EhajM8dXKChxRqB7vqZTwojm1WwsSz,107,218,Will be available after uploads finish,False,False,True,1584982,705874,2.9169153329096535,5,4,51185,True,236795,4.260982771715852,355.235,13
5DhHqmB1BzyW6qsZ44EhajM8dXKChxRqB7vqZTwojm1WwsSz,107,218,Will be available after uploads finish,False,False,True,1584982,705874,2.9169153329096535,5,5,51186,True,462600,3.9785556166731766,380.2491,25
5DhHqmB1BzyW6qsZ44EhajM8dXKChxRqB7vqZTwojm1WwsSz,107,219,Will be available after uploads finish,False,True,True,1229179,1459126.6,0.9431622805291214,5,1,51187,True,1523576,0.8779337165088761,557.5295,45
5DhHqmB1BzyW6qsZ44EhajM8dXKChxRqB7vqZTwojm1WwsSz,107,219,Will be available after uploads finish,False,True,True,1229179,1459126.6,0.9431622805291214,5,2,51188,True,2596374,0.6114058900441945,747.8784,49
5DhHqmB1BzyW6qsZ44EhajM8dXKChxRqB7vqZTwojm1WwsSz,107,219,Will be available after uploads finish,False,True,True,1229179,1459126.6,0.9431622805291214,5,3,51189,True,1123982,1.03002494962084,523.3673,41
5DhHqmB1BzyW6qsZ44EhajM8dXKChxRqB7vqZTwojm1WwsSz,107,219,Will be available after uploads finish,False,True,True,1229179,1459126.6,0.9431622805291214,5,4,51190,True,1326941,0.947025671589544,508.1164,30
5DhHqmB1BzyW6qsZ44EhajM8dXKChxRqB7vqZTwojm1WwsSz,107,219,Will be available after uploads finish,False,True,True,1229179,1459126.6,0.9431622805291214,5,5,51191,True,724760,1.2494211748821524,421.561,31
5DhHqmB1BzyW6qsZ44EhajM8dXKChxRqB7vqZTwojm1WwsSz,107,220,Will be available after uploads finish,False,True,True,2228314,558009.2,0.591058506529486,5,1,51192,False,757622,-4,606.0339,33
5DhHqmB1BzyW6qsZ44EhajM8dXKChxRqB7vqZTwojm1WwsSz,107,220,Will be available after uploads finish,False,True,True,2228314,558009.2,0.591058506529486,5,2,51193,True,408098,1.8327856430299985,361.0392,19
5DhHqmB1BzyW6qsZ44EhajM8dXKChxRqB7vqZTwojm1WwsSz,107,220,Will be available after uploads finish,False,True,True,2228314,558009.2,0.591058506529486,5,3,51194,True,734869,1.5386931878324472,476.1581,28
5DhHqmB1BzyW6qsZ44EhajM8dXKChxRqB7vqZTwojm1WwsSz,107,220,Will be available after uploads finish,False,True,True,2228314,558009.2,0.591058506529486,5,4,51195,True,598887,1.6410028475635745,435.8204,24
5DhHqmB1BzyW6qsZ44EhajM8dXKChxRqB7vqZTwojm1WwsSz,107,220,Will be available after uploads finish,False,True,True,2228314,558009.2,0.591058506529486,5,5,51196,True,290570,1.9428108542214098,358.4795,13
5DhHqmB1BzyW6qsZ44EhajM8dXKChxRqB7vqZTwojm1WwsSz,107,221,Will be available after uploads finish,False,True,True,885390,135079.2,1.8982940482368693,5,1,51197,True,89941,1.9975579034358795,286.8461,8
5DhHqmB1BzyW6qsZ44EhajM8dXKChxRqB7vqZTwojm1WwsSz,107,221,Will be available after uploads finish,False,True,True,885390,135079.2,1.8982940482368693,5,2,51198,True,113444,1.9569487637545795,278.3092,7
5DhHqmB1BzyW6qsZ44EhajM8dXKChxRqB7vqZTwojm1WwsSz,107,221,Will be available after uploads finish,False,True,True,885390,135079.2,1.8982940482368693,5,3,51199,True,90290,1.997170622184362,287.827,8
5DhHqmB1BzyW6qsZ44EhajM8dXKChxRqB7vqZTwojm1WwsSz,107,221,Will be available after uploads finish,False,True,True,885390,135079.2,1.8982940482368693,5,4,51200,True,292447,1.5414906876005865,453.4142,20
5DhHqmB1BzyW6qsZ44EhajM8dXKChxRqB7vqZTwojm1WwsSz,107,221,Will be available after uploads finish,False,True,True,885390,135079.2,1.8982940482368693,5,5,51201,True,89274,1.9983022642089392,276.444,8
5DhHqmB1BzyW6qsZ44EhajM8dXKChxRqB7vqZTwojm1WwsSz,107,222,Will be available after uploads finish,False,True,True,884630,561951,1.2367218457056008,5,1,51202,True,668232,1.1274239981431602,509.9253,30
5DhHqmB1BzyW6qsZ44EhajM8dXKChxRqB7vqZTwojm1WwsSz,107,222,Will be available after uploads finish,False,True,True,884630,561951,1.2367218457056008,5,2,51203,True,405336,1.377383531065951,374.1162,19
5DhHqmB1BzyW6qsZ44EhajM8dXKChxRqB7vqZTwojm1WwsSz,107,222,Will be available after uploads finish,False,True,True,884630,561951,1.2367218457056008,5,3,51204,True,510253,1.262288366886057,468.054,21
5DhHqmB1BzyW6qsZ44EhajM8dXKChxRqB7vqZTwojm1WwsSz,107,222,Will be available after uploads finish,False,True,True,884630,561951,1.2367218457056008,5,4,51205,True,842219,1.0117216697401363,536.8812,33
5DhHqmB1BzyW6qsZ44EhajM8dXKChxRqB7vqZTwojm1WwsSz,107,222,Will be available after uploads finish,False,True,True,884630,561951,1.2367218457056008,5,5,51206,True,383715,1.4047916626926997,399.0485,18
5DhHqmB1BzyW6qsZ44EhajM8dXKChxRqB7vqZTwojm1WwsSz,107,223,Will be available after uploads finish,False,True,True,1133375,530417.4,1.3600585671929255,5,1,51207,True,683537,1.187189967881221,508.1062,37
5DhHqmB1BzyW6qsZ44EhajM8dXKChxRqB7vqZTwojm1WwsSz,107,223,Will be available after uploads finish,False,True,True,1133375,530417.4,1.3600585671929255,5,2,51208,True,320079,1.5665464416372032,327.4588,17
5DhHqmB1BzyW6qsZ44EhajM8dXKChxRqB7vqZTwojm1WwsSz,107,223,Will be available after uploads finish,False,True,True,1133375,530417.4,1.3600585671929255,5,3,51209,True,232589,1.7055016582791993,344.2914,13
5DhHqmB1BzyW6qsZ44EhajM8dXKChxRqB7vqZTwojm1WwsSz,107,223,Will be available after uploads finish,False,True,True,1133375,530417.4,1.3600585671929255,5,4,51210,True,749844,1.1408977693521019,479.2026,29
5DhHqmB1BzyW6qsZ44EhajM8dXKChxRqB7vqZTwojm1WwsSz,107,223,Will be available after uploads finish,False,True,True,1133375,530417.4,1.3600585671929255,5,5,51211,True,666038,1.200156998814903,419.1526,24
5DhHqmB1BzyW6qsZ44EhajM8dXKChxRqB7vqZTwojm1WwsSz,107,224,Will be available after uploads finish,False,True,True,1827000,737634.4,1.3947503222742068,5,1,51212,True,531900,1.5507548579265615,513.6385,21
5DhHqmB1BzyW6qsZ44EhajM8dXKChxRqB7vqZTwojm1WwsSz,107,224,Will be available after uploads finish,False,True,True,1827000,737634.4,1.3947503222742068,5,2,51213,True,909746,1.2823998889655512,422.2914,28
5DhHqmB1BzyW6qsZ44EhajM8dXKChxRqB7vqZTwojm1WwsSz,107,224,Will be available after uploads finish,False,True,True,1827000,737634.4,1.3947503222742068,5,3,51214,True,708275,1.4075663906216769,416.2491,20
5DhHqmB1BzyW6qsZ44EhajM8dXKChxRqB7vqZTwojm1WwsSz,107,224,Will be available after uploads finish,False,True,True,1827000,737634.4,1.3947503222742068,5,4,51215,True,749689,1.379153381867851,376.531,22
5DhHqmB1BzyW6qsZ44EhajM8dXKChxRqB7vqZTwojm1WwsSz,107,224,Will be available after uploads finish,False,True,True,1827000,737634.4,1.3947503222742068,5,5,51216,True,788562,1.3538770919893932,407.9638,25
5DhHqmB1BzyW6qsZ44EhajM8dXKChxRqB7vqZTwojm1WwsSz,107,225,Will be available after uploads finish,False,True,True,432782,241264.4,1.5719635916437547,5,1,51217,True,132782,2.718933804150954,342.4938,12
5DhHqmB1BzyW6qsZ44EhajM8dXKChxRqB7vqZTwojm1WwsSz,107,225,Will be available after uploads finish,False,True,True,432782,241264.4,1.5719635916437547,5,2,51218,True,673449,1.9070820124182035,671.1788,40
5DhHqmB1BzyW6qsZ44EhajM8dXKChxRqB7vqZTwojm1WwsSz,107,225,Will be available after uploads finish,False,True,True,432782,241264.4,1.5719635916437547,5,3,51219,True,61429,3.0386526621250693,234.6222,6
5DhHqmB1BzyW6qsZ44EhajM8dXKChxRqB7vqZTwojm1WwsSz,107,225,Will be available after uploads finish,False,True,True,432782,241264.4,1.5719635916437547,5,4,51220,False,160558,-2.376954842801931,399.8034,13
5DhHqmB1BzyW6qsZ44EhajM8dXKChxRqB7vqZTwojm1WwsSz,107,225,Will be available after uploads finish,False,True,True,432782,241264.4,1.5719635916437547,5,5,51221,True,178104,2.5721043223264775,285.6575,15
5DhHqmB1BzyW6qsZ44EhajM8dXKChxRqB7vqZTwojm1WwsSz,107,226,Will be available after uploads finish,False,True,True,439968,131801.8,1.7576384960205402,5,1,51222,True,81724,1.8331171820132866,322.0253,9
5DhHqmB1BzyW6qsZ44EhajM8dXKChxRqB7vqZTwojm1WwsSz,107,226,Will be available after uploads finish,False,True,True,439968,131801.8,1.7576384960205402,5,2,51223,True,34673,2,259.3117,4
5DhHqmB1BzyW6qsZ44EhajM8dXKChxRqB7vqZTwojm1WwsSz,107,226,Will be available after uploads finish,False,True,True,439968,131801.8,1.7576384960205402,5,3,51224,True,473159,0.9550752980894158,640.4566,35
5DhHqmB1BzyW6qsZ44EhajM8dXKChxRqB7vqZTwojm1WwsSz,107,226,Will be available after uploads finish,False,True,True,439968,131801.8,1.7576384960205402,5,4,51225,True,34638,2,308.6944,4
5DhHqmB1BzyW6qsZ44EhajM8dXKChxRqB7vqZTwojm1WwsSz,107,226,Will be available after uploads finish,False,True,True,439968,131801.8,1.7576384960205402,5,5,51226,True,34815,2,264.2625,4
5DhHqmB1BzyW6qsZ44EhajM8dXKChxRqB7vqZTwojm1WwsSz,107,227,Will be available after uploads finish,False,False,True,917488,1615238.6,3.079877575503322,5,1,51227,True,1794919,3.0037184918686446,708.5856,50
5DhHqmB1BzyW6qsZ44EhajM8dXKChxRqB7vqZTwojm1WwsSz,107,227,Will be available after uploads finish,False,False,True,917488,1615238.6,3.079877575503322,5,2,51228,True,2138906,2.916051197972794,975.9984,65
5DhHqmB1BzyW6qsZ44EhajM8dXKChxRqB7vqZTwojm1WwsSz,107,227,Will be available after uploads finish,False,False,True,917488,1615238.6,3.079877575503322,5,3,51229,True,1988683,2.9524621343561326,889.2239,56
5DhHqmB1BzyW6qsZ44EhajM8dXKChxRqB7vqZTwojm1WwsSz,107,227,Will be available after uploads finish,False,False,True,917488,1615238.6,3.079877575503322,5,4,51230,True,1219014,3.1971772720271767,644.5479,48
5DhHqmB1BzyW6qsZ44EhajM8dXKChxRqB7vqZTwojm1WwsSz,107,227,Will be available after uploads finish,False,False,True,917488,1615238.6,3.079877575503322,5,5,51231,True,934671,3.3299787812918624,807.0923,35
5DhHqmB1BzyW6qsZ44EhajM8dXKChxRqB7vqZTwojm1WwsSz,107,228,Will be available after uploads finish,True,True,True,574499,404963.8,0.031477135483933424,5,1,48477,True,561710,0.9440067768329076,446.8282,25
5DhHqmB1BzyW6qsZ44EhajM8dXKChxRqB7vqZTwojm1WwsSz,107,228,Will be available after uploads finish,True,True,True,574499,404963.8,0.031477135483933424,5,2,48478,True,501808,1.000390839865806,431.1418,26
5DhHqmB1BzyW6qsZ44EhajM8dXKChxRqB7vqZTwojm1WwsSz,107,228,Will be available after uploads finish,True,True,True,574499,404963.8,0.031477135483933424,5,3,48479,True,332812,1.2057107450770848,299.2616,14
5DhHqmB1BzyW6qsZ44EhajM8dXKChxRqB7vqZTwojm1WwsSz,107,228,Will be available after uploads finish,True,True,True,574499,404963.8,0.031477135483933424,5,4,48480,False,133545,-4,288.8711,9
5DhHqmB1BzyW6qsZ44EhajM8dXKChxRqB7vqZTwojm1WwsSz,107,228,Will be available after uploads finish,True,True,True,574499,404963.8,0.031477135483933424,5,5,48481,True,494944,1.0072773156438692,436.5273,22
5DhHqmB1BzyW6qsZ44EhajM8dXKChxRqB7vqZTwojm1WwsSz,107,229,Will be available after uploads finish,False,False,False,1021877,1069821,-0.0369569054386328,5,1,51232,False,1352908,-0.06126261549797546,692.4773,44
5DhHqmB1BzyW6qsZ44EhajM8dXKChxRqB7vqZTwojm1WwsSz,107,229,Will be available after uploads finish,False,False,False,1021877,1069821,-0.0369569054386328,5,2,51233,False,1023383,-0.033348361110181836,622.2341,37
5DhHqmB1BzyW6qsZ44EhajM8dXKChxRqB7vqZTwojm1WwsSz,107,229,Will be available after uploads finish,False,False,False,1021877,1069821,-0.0369569054386328,5,3,51234,False,1022498,-0.03326184580893009,474.8315,28
5DhHqmB1BzyW6qsZ44EhajM8dXKChxRqB7vqZTwojm1WwsSz,107,229,Will be available after uploads finish,False,False,False,1021877,1069821,-0.0369569054386328,5,4,51235,False,1010455,-0.03207705296068575,589.8381,32
5DhHqmB1BzyW6qsZ44EhajM8dXKChxRqB7vqZTwojm1WwsSz,107,229,Will be available after uploads finish,False,False,False,1021877,1069821,-0.0369569054386328,5,5,51236,False,939861,-0.02483465181539087,650.6358,30
5DhHqmB1BzyW6qsZ44EhajM8dXKChxRqB7vqZTwojm1WwsSz,107,230,Will be available after uploads finish,False,False,False,713141,1216307.6,1.4164590330090632,5,1,51237,True,1229507,3.596353065449462,752.3754,34
5DhHqmB1BzyW6qsZ44EhajM8dXKChxRqB7vqZTwojm1WwsSz,107,230,Will be available after uploads finish,False,False,False,713141,1216307.6,1.4164590330090632,5,2,51238,False,1163719,-0.07523015043025946,786.6254,33
5DhHqmB1BzyW6qsZ44EhajM8dXKChxRqB7vqZTwojm1WwsSz,107,230,Will be available after uploads finish,False,False,False,713141,1216307.6,1.4164590330090632,5,3,51239,True,910416,3.746586524000088,470.8776,28
5DhHqmB1BzyW6qsZ44EhajM8dXKChxRqB7vqZTwojm1WwsSz,107,230,Will be available after uploads finish,False,False,False,713141,1216307.6,1.4164590330090632,5,4,51240,False,1297843,-0.08613842487222272,862.6131,40
5DhHqmB1BzyW6qsZ44EhajM8dXKChxRqB7vqZTwojm1WwsSz,107,230,Will be available after uploads finish,False,False,False,713141,1216307.6,1.4164590330090632,5,5,51241,False,1480053,-0.09927584910175266,716.0854,43
5DhHqmB1BzyW6qsZ44EhajM8dXKChxRqB7vqZTwojm1WwsSz,107,231,Will be available after uploads finish,False,False,False,2033013,1331966.2,0.2716675750910194,5,1,51242,False,1589761,-1.5820212167935608,943.7721,52
5DhHqmB1BzyW6qsZ44EhajM8dXKChxRqB7vqZTwojm1WwsSz,107,231,Will be available after uploads finish,False,False,False,2033013,1331966.2,0.2716675750910194,5,2,51243,True,850369,3.2270536880824663,628.4595,34
5DhHqmB1BzyW6qsZ44EhajM8dXKChxRqB7vqZTwojm1WwsSz,107,231,Will be available after uploads finish,False,False,False,2033013,1331966.2,0.2716675750910194,5,3,51244,False,1181057,-1.5641907833794646,548.9399,33
5DhHqmB1BzyW6qsZ44EhajM8dXKChxRqB7vqZTwojm1WwsSz,107,231,Will be available after uploads finish,False,False,False,2033013,1331966.2,0.2716675750910194,5,4,51245,True,1833498,2.8428984261968457,781.3033,61
5DhHqmB1BzyW6qsZ44EhajM8dXKChxRqB7vqZTwojm1WwsSz,107,231,Will be available after uploads finish,False,False,False,2033013,1331966.2,0.2716675750910194,5,5,51246,False,1205146,-1.5654022386511888,616.2654,47
5DhHqmB1BzyW6qsZ44EhajM8dXKChxRqB7vqZTwojm1WwsSz,107,232,Will be available after uploads finish,False,True,True,664367,425375.4,2.2544295752699215,5,1,51247,True,355860,2.312149753912392,369.4806,15
5DhHqmB1BzyW6qsZ44EhajM8dXKChxRqB7vqZTwojm1WwsSz,107,232,Will be available after uploads finish,False,True,True,664367,425375.4,2.2544295752699215,5,2,51248,True,407245,2.25819872396949,376.0978,18
5DhHqmB1BzyW6qsZ44EhajM8dXKChxRqB7vqZTwojm1WwsSz,107,232,Will be available after uploads finish,False,True,True,664367,425375.4,2.2544295752699215,5,3,51249,True,642502,2.075816740101869,437.5448,26
5DhHqmB1BzyW6qsZ44EhajM8dXKChxRqB7vqZTwojm1WwsSz,107,232,Will be available after uploads finish,False,True,True,664367,425375.4,2.2544295752699215,5,4,51250,True,423508,2.242535750298108,339.2232,18
5DhHqmB1BzyW6qsZ44EhajM8dXKChxRqB7vqZTwojm1WwsSz,107,232,Will be available after uploads finish,False,True,True,664367,425375.4,2.2544295752699215,5,5,51251,True,297762,2.383446908067749,319.1446,11
5DhHqmB1BzyW6qsZ44EhajM8dXKChxRqB7vqZTwojm1WwsSz,107,233,Will be available after uploads finish,False,True,True,782437,177089,2.3355586379053537,5,1,51252,True,38693,2.6,243.3331,4
5DhHqmB1BzyW6qsZ44EhajM8dXKChxRqB7vqZTwojm1WwsSz,107,233,Will be available after uploads finish,False,True,True,782437,177089,2.3355586379053537,5,2,51253,True,96097,2.5239181051583053,284.1866,10
5DhHqmB1BzyW6qsZ44EhajM8dXKChxRqB7vqZTwojm1WwsSz,107,233,Will be available after uploads finish,False,True,True,782437,177089,2.3355586379053537,5,3,51254,True,48087,2.6,265.8086,5
5DhHqmB1BzyW6qsZ44EhajM8dXKChxRqB7vqZTwojm1WwsSz,107,233,Will be available after uploads finish,False,True,True,782437,177089,2.3355586379053537,5,4,51255,True,255363,2.117020302220591,403.8847,21
5DhHqmB1BzyW6qsZ44EhajM8dXKChxRqB7vqZTwojm1WwsSz,107,233,Will be available after uploads finish,False,True,True,782437,177089,2.3355586379053537,5,5,51256,True,447205,1.8368547821478736,352.9378,14
5DhHqmB1BzyW6qsZ44EhajM8dXKChxRqB7vqZTwojm1WwsSz,107,234,Will be available after uploads finish,True,True,True,542683,105489,1.8373275485432785,5,1,48482,True,303465,1.284958980646589,350.5967,14
5DhHqmB1BzyW6qsZ44EhajM8dXKChxRqB7vqZTwojm1WwsSz,107,234,Will be available after uploads finish,True,True,True,542683,105489,1.8373275485432785,5,2,48483,True,56637,2,204.1592,5
5DhHqmB1BzyW6qsZ44EhajM8dXKChxRqB7vqZTwojm1WwsSz,107,234,Will be available after uploads finish,True,True,True,542683,105489,1.8373275485432785,5,3,48484,True,47124,2,247.9609,4
5DhHqmB1BzyW6qsZ44EhajM8dXKChxRqB7vqZTwojm1WwsSz,107,234,Will be available after uploads finish,True,True,True,542683,105489,1.8373275485432785,5,4,48485,True,31823,2,198.5264,3
5DhHqmB1BzyW6qsZ44EhajM8dXKChxRqB7vqZTwojm1WwsSz,107,234,Will be available after uploads finish,True,True,True,542683,105489,1.8373275485432785,5,5,48486,True,88396,1.9016787620698032,276.5067,7
5DhHqmB1BzyW6qsZ44EhajM8dXKChxRqB7vqZTwojm1WwsSz,107,235,Will be available after uploads finish,False,True,True,1041765,278060.4,0.5140923470738502,5,1,51257,True,267991,1.6745017564000093,278.8502,12
5DhHqmB1BzyW6qsZ44EhajM8dXKChxRqB7vqZTwojm1WwsSz,107,235,Will be available after uploads finish,False,True,True,1041765,278060.4,0.5140923470738502,5,2,51258,True,227234,1.7569882935596202,294.4995,12
5DhHqmB1BzyW6qsZ44EhajM8dXKChxRqB7vqZTwojm1WwsSz,107,235,Will be available after uploads finish,False,True,True,1041765,278060.4,0.5140923470738502,5,3,51259,True,307496,1.605747415812774,279.0046,16
5DhHqmB1BzyW6qsZ44EhajM8dXKChxRqB7vqZTwojm1WwsSz,107,235,Will be available after uploads finish,False,True,True,1041765,278060.4,0.5140923470738502,5,4,51260,False,232087,-4,269.1739,11
5DhHqmB1BzyW6qsZ44EhajM8dXKChxRqB7vqZTwojm1WwsSz,107,235,Will be available after uploads finish,False,True,True,1041765,278060.4,0.5140923470738502,5,5,51261,True,355494,1.533224269596848,316.2196,17
5DhHqmB1BzyW6qsZ44EhajM8dXKChxRqB7vqZTwojm1WwsSz,107,236,Will be available after uploads finish,False,True,True,647943,124691.6,1.8133106990363366,5,1,51262,True,29391,2,214.4161,3
5DhHqmB1BzyW6qsZ44EhajM8dXKChxRqB7vqZTwojm1WwsSz,107,236,Will be available after uploads finish,False,True,True,647943,124691.6,1.8133106990363366,5,2,51263,True,42254,1.987866730036379,183.0753,4
5DhHqmB1BzyW6qsZ44EhajM8dXKChxRqB7vqZTwojm1WwsSz,107,236,Will be available after uploads finish,False,True,True,647943,124691.6,1.8133106990363366,5,3,51264,True,448530,1.1468674522680224,438.5762,22
5DhHqmB1BzyW6qsZ44EhajM8dXKChxRqB7vqZTwojm1WwsSz,107,236,Will be available after uploads finish,False,True,True,647943,124691.6,1.8133106990363366,5,4,51265,True,29275,2,211.3274,3
5DhHqmB1BzyW6qsZ44EhajM8dXKChxRqB7vqZTwojm1WwsSz,107,236,Will be available after uploads finish,False,True,True,647943,124691.6,1.8133106990363366,5,5,51266,True,74008,1.9318193128772816,218.7616,7
5DhHqmB1BzyW6qsZ44EhajM8dXKChxRqB7vqZTwojm1WwsSz,107,237,Will be available after uploads finish,False,False,True,1797234,604098.4,2.898240053475015,5,1,51267,True,445048,3.8844197167443655,464.24,19
5DhHqmB1BzyW6qsZ44EhajM8dXKChxRqB7vqZTwojm1WwsSz,107,237,Will be available after uploads finish,False,False,True,1797234,604098.4,2.898240053475015,5,2,51268,True,1087565,3.537548074142053,567.0976,43
5DhHqmB1BzyW6qsZ44EhajM8dXKChxRqB7vqZTwojm1WwsSz,107,237,Will be available after uploads finish,False,False,True,1797234,604098.4,2.898240053475015,5,3,51269,False,682200,-0.7687445003591346,397.2701,30
5DhHqmB1BzyW6qsZ44EhajM8dXKChxRqB7vqZTwojm1WwsSz,107,237,Will be available after uploads finish,False,False,True,1797234,604098.4,2.898240053475015,5,4,51270,True,473411,3.8658851793075364,398.2722,21
5DhHqmB1BzyW6qsZ44EhajM8dXKChxRqB7vqZTwojm1WwsSz,107,237,Will be available after uploads finish,False,False,True,1797234,604098.4,2.898240053475015,5,5,51271,True,332268,3.972091797540255,338.4941,13
5DhHqmB1BzyW6qsZ44EhajM8dXKChxRqB7vqZTwojm1WwsSz,107,238,Will be available after uploads finish,False,True,True,1129225,768857.8,1.1963629685303936,5,1,51272,True,851770,1.139114851604074,448.5665,37
5DhHqmB1BzyW6qsZ44EhajM8dXKChxRqB7vqZTwojm1WwsSz,107,238,Will be available after uploads finish,False,True,True,1129225,768857.8,1.1963629685303936,5,2,51273,True,566271,1.343236739169825,453.2345,30
5DhHqmB1BzyW6qsZ44EhajM8dXKChxRqB7vqZTwojm1WwsSz,107,238,Will be available after uploads finish,False,True,True,1129225,768857.8,1.1963629685303936,5,3,51274,True,897577,1.11292366499386,489.1638,44
5DhHqmB1BzyW6qsZ44EhajM8dXKChxRqB7vqZTwojm1WwsSz,107,238,Will be available after uploads finish,False,True,True,1129225,768857.8,1.1963629685303936,5,4,51275,True,764788,1.1929737846522048,453.673,35
5DhHqmB1BzyW6qsZ44EhajM8dXKChxRqB7vqZTwojm1WwsSz,107,238,Will be available after uploads finish,False,True,True,1129225,768857.8,1.1963629685303936,5,5,51276,True,763883,1.1935658022320041,510.0126,35
5DhHqmB1BzyW6qsZ44EhajM8dXKChxRqB7vqZTwojm1WwsSz,107,239,Will be available after uploads finish,False,True,True,1493751,561680.6,2.723745295165978,5,1,51277,True,164288,3.162377136406591,248.5061,10
5DhHqmB1BzyW6qsZ44EhajM8dXKChxRqB7vqZTwojm1WwsSz,107,239,Will be available after uploads finish,False,True,True,1493751,561680.6,2.723745295165978,5,2,51278,True,983540,2.3788645086899534,584.988,38
5DhHqmB1BzyW6qsZ44EhajM8dXKChxRqB7vqZTwojm1WwsSz,107,239,Will be available after uploads finish,False,True,True,1493751,561680.6,2.723745295165978,5,3,51279,True,740027,2.5211003267177943,509.768,37
5DhHqmB1BzyW6qsZ44EhajM8dXKChxRqB7vqZTwojm1WwsSz,107,239,Will be available after uploads finish,False,True,True,1493751,561680.6,2.723745295165978,5,4,51280,True,586850,2.637059037454271,404.8847,26
5DhHqmB1BzyW6qsZ44EhajM8dXKChxRqB7vqZTwojm1WwsSz,107,239,Will be available after uploads finish,False,True,True,1493751,561680.6,2.723745295165978,5,5,51281,True,333698,2.9193254665612796,408.8279,18
5DhHqmB1BzyW6qsZ44EhajM8dXKChxRqB7vqZTwojm1WwsSz,107,240,Will be available after uploads finish,False,False,False,756373,454331.8,0.03381435897106266,5,1,51282,False,591462,0.00035863956608845894,458.3642,30
5DhHqmB1BzyW6qsZ44EhajM8dXKChxRqB7vqZTwojm1WwsSz,107,240,Will be available after uploads finish,False,False,False,756373,454331.8,0.03381435897106266,5,2,51283,False,381214,0.04428229363330923,425.0759,20
5DhHqmB1BzyW6qsZ44EhajM8dXKChxRqB7vqZTwojm1WwsSz,107,240,Will be available after uploads finish,False,False,False,756373,454331.8,0.03381435897106266,5,3,51284,False,251449,0.08589436478904869,346.5061,15
5DhHqmB1BzyW6qsZ44EhajM8dXKChxRqB7vqZTwojm1WwsSz,107,240,Will be available after uploads finish,False,False,False,756373,454331.8,0.03381435897106266,5,4,51285,False,709954,-0.017901634563731773,552.1624,32
5DhHqmB1BzyW6qsZ44EhajM8dXKChxRqB7vqZTwojm1WwsSz,107,240,Will be available after uploads finish,False,False,False,756373,454331.8,0.03381435897106266,5,5,51286,False,337580,0.05643813143059867,391.5057,25
5DhHqmB1BzyW6qsZ44EhajM8dXKChxRqB7vqZTwojm1WwsSz,107,241,Will be available after uploads finish,False,True,True,1122536,101389.8,3.156060582863592,5,1,51287,True,169404,3.1026893323014457,288.0122,13
5DhHqmB1BzyW6qsZ44EhajM8dXKChxRqB7vqZTwojm1WwsSz,107,241,Will be available after uploads finish,False,True,True,1122536,101389.8,3.156060582863592,5,2,51288,True,126484,3.141778737435506,390.2917,10
5DhHqmB1BzyW6qsZ44EhajM8dXKChxRqB7vqZTwojm1WwsSz,107,241,Will be available after uploads finish,False,True,True,1122536,101389.8,3.156060582863592,5,3,51289,True,134230,3.13583484458101,319.7538,9
5DhHqmB1BzyW6qsZ44EhajM8dXKChxRqB7vqZTwojm1WwsSz,107,241,Will be available after uploads finish,False,True,True,1122536,101389.8,3.156060582863592,5,4,51290,True,32464,3.2,224.222,3
5DhHqmB1BzyW6qsZ44EhajM8dXKChxRqB7vqZTwojm1WwsSz,107,241,Will be available after uploads finish,False,True,True,1122536,101389.8,3.156060582863592,5,5,51291,True,44367,3.2,296.6215,4
5DhHqmB1BzyW6qsZ44EhajM8dXKChxRqB7vqZTwojm1WwsSz,107,242,Will be available after uploads finish,False,True,True,707107,681313.8,1.0369294553408008,5,1,51292,True,571780,1.0834080283992242,436.1008,24
5DhHqmB1BzyW6qsZ44EhajM8dXKChxRqB7vqZTwojm1WwsSz,107,242,Will be available after uploads finish,False,True,True,707107,681313.8,1.0369294553408008,5,2,51293,True,311793,1.3866154263635728,336.9457,17
5DhHqmB1BzyW6qsZ44EhajM8dXKChxRqB7vqZTwojm1WwsSz,107,242,Will be available after uploads finish,False,True,True,707107,681313.8,1.0369294553408008,5,3,51294,True,623320,1.0402551641163749,403.1307,31
5DhHqmB1BzyW6qsZ44EhajM8dXKChxRqB7vqZTwojm1WwsSz,107,242,Will be available after uploads finish,False,True,True,707107,681313.8,1.0369294553408008,5,4,51295,True,1113609,0.7501044936830576,485.332,40
5DhHqmB1BzyW6qsZ44EhajM8dXKChxRqB7vqZTwojm1WwsSz,107,242,Will be available after uploads finish,False,True,True,707107,681313.8,1.0369294553408008,5,5,51296,True,786067,0.9242641641417736,395.5324,30
5DhHqmB1BzyW6qsZ44EhajM8dXKChxRqB7vqZTwojm1WwsSz,107,243,Will be available after uploads finish,False,True,True,1358706,1046204.4,0.7330767800260262,5,1,51297,True,1296812,1.5927909047396693,551.6463,47
5DhHqmB1BzyW6qsZ44EhajM8dXKChxRqB7vqZTwojm1WwsSz,107,243,Will be available after uploads finish,False,True,True,1358706,1046204.4,0.7330767800260262,5,2,51298,False,1120409,-3.2002357086676883,464.5212,47
5DhHqmB1BzyW6qsZ44EhajM8dXKChxRqB7vqZTwojm1WwsSz,107,243,Will be available after uploads finish,False,True,True,1358706,1046204.4,0.7330767800260262,5,3,51299,True,1054749,1.696093965246575,488.5258,37
5DhHqmB1BzyW6qsZ44EhajM8dXKChxRqB7vqZTwojm1WwsSz,107,243,Will be available after uploads finish,False,True,True,1358706,1046204.4,0.7330767800260262,5,4,51300,True,946087,1.7504557512042873,424.0099,37
5DhHqmB1BzyW6qsZ44EhajM8dXKChxRqB7vqZTwojm1WwsSz,107,243,Will be available after uploads finish,False,True,True,1358706,1046204.4,0.7330767800260262,5,5,51301,True,812965,1.8262789876072874,470.2696,30
5DhHqmB1BzyW6qsZ44EhajM8dXKChxRqB7vqZTwojm1WwsSz,107,244,Will be available after uploads finish,False,False,True,705372,686312,1.9407961073125501,5,1,51302,True,1260259,2.4352961222163296,556.1251,48
5DhHqmB1BzyW6qsZ44EhajM8dXKChxRqB7vqZTwojm1WwsSz,107,244,Will be available after uploads finish,False,False,True,705372,686312,1.9407961073125501,5,2,51303,False,821646,-1.6351926682610785,521.9164,38
5DhHqmB1BzyW6qsZ44EhajM8dXKChxRqB7vqZTwojm1WwsSz,107,244,Will be available after uploads finish,False,False,True,705372,686312,1.9407961073125501,5,3,51304,True,565365,2.836096619272071,389.771,27
5DhHqmB1BzyW6qsZ44EhajM8dXKChxRqB7vqZTwojm1WwsSz,107,244,Will be available after uploads finish,False,False,True,705372,686312,1.9407961073125501,5,4,51305,True,297900,3.156453459545427,354.4773,14
5DhHqmB1BzyW6qsZ44EhajM8dXKChxRqB7vqZTwojm1WwsSz,107,244,Will be available after uploads finish,False,False,True,705372,686312,1.9407961073125501,5,5,51306,True,486390,2.9113270037900016,496.4962,26
5DhHqmB1BzyW6qsZ44EhajM8dXKChxRqB7vqZTwojm1WwsSz,107,245,Will be available after uploads finish,False,True,True,673863,335088.6,1.3139124614025675,5,1,51307,True,255882,1.410817729334815,343.1821,18
5DhHqmB1BzyW6qsZ44EhajM8dXKChxRqB7vqZTwojm1WwsSz,107,245,Will be available after uploads finish,False,True,True,673863,335088.6,1.3139124614025675,5,2,51308,True,503711,1.0721745842379133,402.145,20
5DhHqmB1BzyW6qsZ44EhajM8dXKChxRqB7vqZTwojm1WwsSz,107,245,Will be available after uploads finish,False,True,True,673863,335088.6,1.3139124614025675,5,3,51309,True,389412,1.2008569751402924,355.2411,19
5DhHqmB1BzyW6qsZ44EhajM8dXKChxRqB7vqZTwojm1WwsSz,107,245,Will be available after uploads finish,False,True,True,673863,335088.6,1.3139124614025675,5,4,51310,True,383290,1.2087799882819088,322.6556,27
5DhHqmB1BzyW6qsZ44EhajM8dXKChxRqB7vqZTwojm1WwsSz,107,245,Will be available after uploads finish,False,True,True,673863,335088.6,1.3139124614025675,5,5,51311,True,143148,1.6769330300179077,339.2021,11
5DhHqmB1BzyW6qsZ44EhajM8dXKChxRqB7vqZTwojm1WwsSz,107,246,Will be available after uploads finish,False,True,True,1150220,880518.4,1.602663542890514,5,1,51312,True,488486,1.8639569693949354,367.8458,19
5DhHqmB1BzyW6qsZ44EhajM8dXKChxRqB7vqZTwojm1WwsSz,107,246,Will be available after uploads finish,False,True,True,1150220,880518.4,1.602663542890514,5,2,51313,True,1174844,1.4605899986732322,489.1287,28
5DhHqmB1BzyW6qsZ44EhajM8dXKChxRqB7vqZTwojm1WwsSz,107,246,Will be available after uploads finish,False,True,True,1150220,880518.4,1.602663542890514,5,3,51314,True,1022221,1.5162530633766758,552.6095,33
5DhHqmB1BzyW6qsZ44EhajM8dXKChxRqB7vqZTwojm1WwsSz,107,246,Will be available after uploads finish,False,True,True,1150220,880518.4,1.602663542890514,5,4,51315,True,885445,1.5737101219988339,475.4351,30
5DhHqmB1BzyW6qsZ44EhajM8dXKChxRqB7vqZTwojm1WwsSz,107,246,Will be available after uploads finish,False,True,True,1150220,880518.4,1.602663542890514,5,5,51316,True,831596,1.5988075610088934,382.6546,28
5DhHqmB1BzyW6qsZ44EhajM8dXKChxRqB7vqZTwojm1WwsSz,107,247,Will be available after uploads finish,True,True,True,1344878,361098.6,-0.5692972740477045,5,1,48487,True,180302,1.9111551468818437,309.8494,11
5DhHqmB1BzyW6qsZ44EhajM8dXKChxRqB7vqZTwojm1WwsSz,107,247,Will be available after uploads finish,True,True,True,1344878,361098.6,-0.5692972740477045,5,2,48488,True,65803,2,296.5697,5
5DhHqmB1BzyW6qsZ44EhajM8dXKChxRqB7vqZTwojm1WwsSz,107,247,Will be available after uploads finish,True,True,True,1344878,361098.6,-0.5692972740477045,5,3,48489,False,465494,-4,351.7806,21
5DhHqmB1BzyW6qsZ44EhajM8dXKChxRqB7vqZTwojm1WwsSz,107,247,Will be available after uploads finish,True,True,True,1344878,361098.6,-0.5692972740477045,5,4,48490,True,779730,1.2423584828796341,404.58,29
5DhHqmB1BzyW6qsZ44EhajM8dXKChxRqB7vqZTwojm1WwsSz,107,247,Will be available after uploads finish,True,True,True,1344878,361098.6,-0.5692972740477045,5,5,48491,False,314164,-4,293.1588,16
5DhHqmB1BzyW6qsZ44EhajM8dXKChxRqB7vqZTwojm1WwsSz,107,248,Will be available after uploads finish,False,True,True,1062450,992883.4,-0.2114098510206003,5,1,51317,False,1681410,-3.210953649371458,658.9963,61
5DhHqmB1BzyW6qsZ44EhajM8dXKChxRqB7vqZTwojm1WwsSz,107,248,Will be available after uploads finish,False,True,True,1062450,992883.4,-0.2114098510206003,5,2,51318,True,718900,1.7893827962999853,451.9583,32
5DhHqmB1BzyW6qsZ44EhajM8dXKChxRqB7vqZTwojm1WwsSz,107,248,Will be available after uploads finish,False,True,True,1062450,992883.4,-0.2114098510206003,5,3,51319,True,504851,1.9661122611775284,357.3924,27
5DhHqmB1BzyW6qsZ44EhajM8dXKChxRqB7vqZTwojm1WwsSz,107,248,Will be available after uploads finish,False,True,True,1062450,992883.4,-0.2114098510206003,5,4,51320,False,1007465,-3.200709740324559,517.2401,47
5DhHqmB1BzyW6qsZ44EhajM8dXKChxRqB7vqZTwojm1WwsSz,107,248,Will be available after uploads finish,False,True,True,1062450,992883.4,-0.2114098510206003,5,5,51321,True,1051791,1.5991190771155013,475.6844,38
5DhHqmB1BzyW6qsZ44EhajM8dXKChxRqB7vqZTwojm1WwsSz,107,249,Will be available after uploads finish,False,True,True,1156016,914375.6,0.21330997418817255,5,1,51322,True,691967,1.2218984013469532,385.5665,27
5DhHqmB1BzyW6qsZ44EhajM8dXKChxRqB7vqZTwojm1WwsSz,107,249,Will be available after uploads finish,False,True,True,1156016,914375.6,0.21330997418817255,5,2,51323,True,627338,1.270924799484431,435.9351,23
5DhHqmB1BzyW6qsZ44EhajM8dXKChxRqB7vqZTwojm1WwsSz,107,249,Will be available after uploads finish,False,True,True,1156016,914375.6,0.21330997418817255,5,3,51324,True,632871,1.2665342297032616,437.9317,23
5DhHqmB1BzyW6qsZ44EhajM8dXKChxRqB7vqZTwojm1WwsSz,107,249,Will be available after uploads finish,False,True,True,1156016,914375.6,0.21330997418817255,5,4,51325,True,583445,1.3071924404062174,454.2271,23
5DhHqmB1BzyW6qsZ44EhajM8dXKChxRqB7vqZTwojm1WwsSz,107,249,Will be available after uploads finish,False,True,True,1156016,914375.6,0.21330997418817255,5,5,51326,False,2036257,-4,999.6655,51
5DhHqmB1BzyW6qsZ44EhajM8dXKChxRqB7vqZTwojm1WwsSz,107,250,Will be available after uploads finish,False,True,True,1230544,706236.4,2.4581965100168146,5,1,51327,True,629988,2.51020804526404,352.2345,21
5DhHqmB1BzyW6qsZ44EhajM8dXKChxRqB7vqZTwojm1WwsSz,107,250,Will be available after uploads finish,False,True,True,1230544,706236.4,2.4581965100168146,5,2,51328,True,714968,2.4469395378327485,397.4662,23
5DhHqmB1BzyW6qsZ44EhajM8dXKChxRqB7vqZTwojm1WwsSz,107,250,Will be available after uploads finish,False,True,True,1230544,706236.4,2.4581965100168146,5,3,51329,True,786588,2.399206128880995,408.8141,27
5DhHqmB1BzyW6qsZ44EhajM8dXKChxRqB7vqZTwojm1WwsSz,107,250,Will be available after uploads finish,False,True,True,1230544,706236.4,2.4581965100168146,5,4,51330,True,563526,2.565951694751295,379.0865,19
5DhHqmB1BzyW6qsZ44EhajM8dXKChxRqB7vqZTwojm1WwsSz,107,250,Will be available after uploads finish,False,True,True,1230544,706236.4,2.4581965100168146,5,5,51331,True,836112,2.368677143354994,440.3504,25
5DhHqmB1BzyW6qsZ44EhajM8dXKChxRqB7vqZTwojm1WwsSz,107,251,Will be available after uploads finish,False,True,True,441256,113475.2,1.6711394124502328,5,1,51332,True,199802,1.3675696705606588,324.0056,15
5DhHqmB1BzyW6qsZ44EhajM8dXKChxRqB7vqZTwojm1WwsSz,107,251,Will be available after uploads finish,False,True,True,441256,113475.2,1.6711394124502328,5,2,51333,True,155893,1.4916481714086522,302.8466,12
5DhHqmB1BzyW6qsZ44EhajM8dXKChxRqB7vqZTwojm1WwsSz,107,251,Will be available after uploads finish,False,True,True,441256,113475.2,1.6711394124502328,5,3,51334,True,28634,2,217.7803,3
5DhHqmB1BzyW6qsZ44EhajM8dXKChxRqB7vqZTwojm1WwsSz,107,251,Will be available after uploads finish,False,True,True,441256,113475.2,1.6711394124502328,5,4,51335,True,28653,2,262.1911,3
5DhHqmB1BzyW6qsZ44EhajM8dXKChxRqB7vqZTwojm1WwsSz,107,251,Will be available after uploads finish,False,True,True,441256,113475.2,1.6711394124502328,5,5,51336,True,154394,1.4964792202818527,279.8455,12
5DhHqmB1BzyW6qsZ44EhajM8dXKChxRqB7vqZTwojm1WwsSz,107,252,Will be available after uploads finish,False,True,True,1091029,182192.8,1.873997946122202,5,1,51337,True,125451,1.9781690426283354,300.8112,6
5DhHqmB1BzyW6qsZ44EhajM8dXKChxRqB7vqZTwojm1WwsSz,107,252,Will be available after uploads finish,False,True,True,1091029,182192.8,1.873997946122202,5,2,51338,True,148297,1.935224804226626,303.33,8
5DhHqmB1BzyW6qsZ44EhajM8dXKChxRqB7vqZTwojm1WwsSz,107,252,Will be available after uploads finish,False,True,True,1091029,182192.8,1.873997946122202,5,3,51339,True,386045,1.5004719527013062,353.1052,16
5DhHqmB1BzyW6qsZ44EhajM8dXKChxRqB7vqZTwojm1WwsSz,107,252,Will be available after uploads finish,False,True,True,1091029,182192.8,1.873997946122202,5,4,51340,True,125428,1.9781873781606556,316.9557,6
5DhHqmB1BzyW6qsZ44EhajM8dXKChxRqB7vqZTwojm1WwsSz,107,252,Will be available after uploads finish,False,True,True,1091029,182192.8,1.873997946122202,5,5,51341,True,125743,1.9779365528940862,274.333,7
5DhHqmB1BzyW6qsZ44EhajM8dXKChxRqB7vqZTwojm1WwsSz,107,253,Will be available after uploads finish,True,True,True,479159,142155.6,1.659084195250717,5,1,48492,True,298656,1.228624356136485,367.0547,19
5DhHqmB1BzyW6qsZ44EhajM8dXKChxRqB7vqZTwojm1WwsSz,107,253,Will be available after uploads finish,True,True,True,479159,142155.6,1.659084195250717,5,2,48493,True,63730,1.9586554444464146,267.2996,6
5DhHqmB1BzyW6qsZ44EhajM8dXKChxRqB7vqZTwojm1WwsSz,107,253,Will be available after uploads finish,True,True,True,479159,142155.6,1.659084195250717,5,3,48494,True,123597,1.669757424385971,255.9861,11
5DhHqmB1BzyW6qsZ44EhajM8dXKChxRqB7vqZTwojm1WwsSz,107,253,Will be available after uploads finish,True,True,True,479159,142155.6,1.659084195250717,5,4,48495,True,122285,1.6750933678542161,294.4674,9
5DhHqmB1BzyW6qsZ44EhajM8dXKChxRqB7vqZTwojm1WwsSz,107,253,Will be available after uploads finish,True,True,True,479159,142155.6,1.659084195250717,5,5,48496,True,102510,1.763290383430498,289.6054,9
5DhHqmB1BzyW6qsZ44EhajM8dXKChxRqB7vqZTwojm1WwsSz,107,254,Will be available after uploads finish,True,True,True,532579,302087.4,0.32891931043805184,5,1,48497,True,337256,1.199792017095574,344.5662,20
5DhHqmB1BzyW6qsZ44EhajM8dXKChxRqB7vqZTwojm1WwsSz,107,254,Will be available after uploads finish,True,True,True,532579,302087.4,0.32891931043805184,5,2,48498,False,557059,-4,457.3487,26
5DhHqmB1BzyW6qsZ44EhajM8dXKChxRqB7vqZTwojm1WwsSz,107,254,Will be available after uploads finish,True,True,True,532579,302087.4,0.32891931043805184,5,3,48499,True,216031,1.422502202086067,278.6824,14
5DhHqmB1BzyW6qsZ44EhajM8dXKChxRqB7vqZTwojm1WwsSz,107,254,Will be available after uploads finish,True,True,True,532579,302087.4,0.32891931043805184,5,4,48500,True,285378,1.283305851399371,297.1855,19
5DhHqmB1BzyW6qsZ44EhajM8dXKChxRqB7vqZTwojm1WwsSz,107,254,Will be available after uploads finish,True,True,True,532579,302087.4,0.32891931043805184,5,5,48501,True,114713,1.738996481609247,239.0083,8
5DhHqmB1BzyW6qsZ44EhajM8dXKChxRqB7vqZTwojm1WwsSz,107,255,Will be available after uploads finish,False,True,True,603445,321289.6,0.5603872167798503,5,1,51342,False,398443,-2.3844544354662736,532.2257,25
5DhHqmB1BzyW6qsZ44EhajM8dXKChxRqB7vqZTwojm1WwsSz,107,255,Will be available after uploads finish,False,True,True,603445,321289.6,0.5603872167798503,5,2,51343,False,147321,-2.344656412581686,324.6041,11
5DhHqmB1BzyW6qsZ44EhajM8dXKChxRqB7vqZTwojm1WwsSz,107,255,Will be available after uploads finish,False,True,True,603445,321289.6,0.5603872167798503,5,3,51344,True,219788,2.6977006597674604,334.3866,16
5DhHqmB1BzyW6qsZ44EhajM8dXKChxRqB7vqZTwojm1WwsSz,107,255,Will be available after uploads finish,False,True,True,603445,321289.6,0.5603872167798503,5,4,51345,True,588119,2.205567728276444,454.2235,30
5DhHqmB1BzyW6qsZ44EhajM8dXKChxRqB7vqZTwojm1WwsSz,107,255,Will be available after uploads finish,False,True,True,603445,321289.6,0.5603872167798503,5,5,51346,True,252777,2.6277785439033066,321.3401,17
5DhHqmB1BzyW6qsZ44EhajM8dXKChxRqB7vqZTwojm1WwsSz,107,256,Will be available after uploads finish,False,True,True,2404963,849543,2.705711731995721,5,1,51347,True,1127325,2.5511622266206317,573.732,37
5DhHqmB1BzyW6qsZ44EhajM8dXKChxRqB7vqZTwojm1WwsSz,107,256,Will be available after uploads finish,False,True,True,2404963,849543,2.705711731995721,5,2,51348,True,904490,2.66127802649319,510.1698,28
5DhHqmB1BzyW6qsZ44EhajM8dXKChxRqB7vqZTwojm1WwsSz,107,256,Will be available after uploads finish,False,True,True,2404963,849543,2.705711731995721,5,3,51349,True,918095,2.6538132154118417,511.3712,25
5DhHqmB1BzyW6qsZ44EhajM8dXKChxRqB7vqZTwojm1WwsSz,107,256,Will be available after uploads finish,False,True,True,2404963,849543,2.705711731995721,5,4,51350,True,728915,2.7691850873988253,414.9599,27
5DhHqmB1BzyW6qsZ44EhajM8dXKChxRqB7vqZTwojm1WwsSz,107,256,Will be available after uploads finish,False,True,True,2404963,849543,2.705711731995721,5,5,51351,True,568890,2.893120104054118,412.957,21
5DhHqmB1BzyW6qsZ44EhajM8dXKChxRqB7vqZTwojm1WwsSz,107,257,Will be available after uploads finish,False,False,True,2017063,1791091.4,2.014639904273049,5,1,51352,True,1402006,2.9443512974559534,1224.4736,42
5DhHqmB1BzyW6qsZ44EhajM8dXKChxRqB7vqZTwojm1WwsSz,107,257,Will be available after uploads finish,False,False,True,2017063,1791091.4,2.014639904273049,5,2,51353,True,2448993,2.665464871729643,1094.1458,64
5DhHqmB1BzyW6qsZ44EhajM8dXKChxRqB7vqZTwojm1WwsSz,107,257,Will be available after uploads finish,False,False,True,2017063,1791091.4,2.014639904273049,5,3,51354,False,2668569,-1.6163367521131817,1413.0943,88
5DhHqmB1BzyW6qsZ44EhajM8dXKChxRqB7vqZTwojm1WwsSz,107,257,Will be available after uploads finish,False,False,True,2017063,1791091.4,2.014639904273049,5,4,51355,True,1594653,2.8799752527031677,1091.5879,55
5DhHqmB1BzyW6qsZ44EhajM8dXKChxRqB7vqZTwojm1WwsSz,107,257,Will be available after uploads finish,False,False,True,2017063,1791091.4,2.014639904273049,5,5,51356,True,841236,3.1997448515896636,645.1441,27
5DhHqmB1BzyW6qsZ44EhajM8dXKChxRqB7vqZTwojm1WwsSz,107,258,Will be available after uploads finish,False,True,True,709077,490712.4,1.2073457911470145,5,1,51357,True,883212,0.8743557506431194,523.9991,28
5DhHqmB1BzyW6qsZ44EhajM8dXKChxRqB7vqZTwojm1WwsSz,107,258,Will be available after uploads finish,False,True,True,709077,490712.4,1.2073457911470145,5,2,51358,True,289429,1.4321833735854121,380.0687,15
5DhHqmB1BzyW6qsZ44EhajM8dXKChxRqB7vqZTwojm1WwsSz,107,258,Will be available after uploads finish,False,True,True,709077,490712.4,1.2073457911470145,5,3,51359,True,439673,1.2231227474378366,423.7291,21
5DhHqmB1BzyW6qsZ44EhajM8dXKChxRqB7vqZTwojm1WwsSz,107,258,Will be available after uploads finish,False,True,True,709077,490712.4,1.2073457911470145,5,4,51360,True,344773,1.3446952671071741,391.8697,17
5DhHqmB1BzyW6qsZ44EhajM8dXKChxRqB7vqZTwojm1WwsSz,107,258,Will be available after uploads finish,False,True,True,709077,490712.4,1.2073457911470145,5,5,51361,True,496475,1.1623718169615307,408.2879,24
5DhHqmB1BzyW6qsZ44EhajM8dXKChxRqB7vqZTwojm1WwsSz,107,259,Will be available after uploads finish,False,True,True,759937,64565,1.9086002410441598,5,1,51362,True,43062,1.9591172628666016,299.7068,4
5DhHqmB1BzyW6qsZ44EhajM8dXKChxRqB7vqZTwojm1WwsSz,107,259,Will be available after uploads finish,False,True,True,759937,64565,1.9086002410441598,5,2,51363,True,42975,1.9593195015073093,295.9925,4
5DhHqmB1BzyW6qsZ44EhajM8dXKChxRqB7vqZTwojm1WwsSz,107,259,Will be available after uploads finish,False,True,True,759937,64565,1.9086002410441598,5,3,51364,True,43186,1.9588297197689364,296.6238,4
5DhHqmB1BzyW6qsZ44EhajM8dXKChxRqB7vqZTwojm1WwsSz,107,259,Will be available after uploads finish,False,True,True,759937,64565,1.9086002410441598,5,4,51365,True,75512,1.8999406797775578,315.9906,6
5DhHqmB1BzyW6qsZ44EhajM8dXKChxRqB7vqZTwojm1WwsSz,107,259,Will be available after uploads finish,False,True,True,759937,64565,1.9086002410441598,5,5,51366,True,118090,1.7657940413003934,331.1774,10
5DhHqmB1BzyW6qsZ44EhajM8dXKChxRqB7vqZTwojm1WwsSz,107,260,Will be available after uploads finish,False,False,True,1513961,979234.2,2.066139598330918,5,1,51367,True,888743,3.0361780240870138,493.9813,29
5DhHqmB1BzyW6qsZ44EhajM8dXKChxRqB7vqZTwojm1WwsSz,107,260,Will be available after uploads finish,False,False,True,1513961,979234.2,2.066139598330918,5,2,51368,True,777773,3.102864722602289,572.5712,36
5DhHqmB1BzyW6qsZ44EhajM8dXKChxRqB7vqZTwojm1WwsSz,107,260,Will be available after uploads finish,False,False,True,1513961,979234.2,2.066139598330918,5,3,51369,False,616633,-1.5380688436182581,446.396,21
5DhHqmB1BzyW6qsZ44EhajM8dXKChxRqB7vqZTwojm1WwsSz,107,260,Will be available after uploads finish,False,False,True,1513961,979234.2,2.066139598330918,5,4,51370,True,1680205,2.717746532133636,694.1674,51
5DhHqmB1BzyW6qsZ44EhajM8dXKChxRqB7vqZTwojm1WwsSz,107,260,Will be available after uploads finish,False,False,True,1513961,979234.2,2.066139598330918,5,5,51371,True,932817,3.0119775564499056,650.4566,40
5DhHqmB1BzyW6qsZ44EhajM8dXKChxRqB7vqZTwojm1WwsSz,107,261,Will be available after uploads finish,False,True,True,546890,48095.8,2.5428538455919303,5,1,51372,True,50207,2.535372918784703,305.3615,5
5DhHqmB1BzyW6qsZ44EhajM8dXKChxRqB7vqZTwojm1WwsSz,107,261,Will be available after uploads finish,False,True,True,546890,48095.8,2.5428538455919303,5,2,51373,True,50564,2.533247298356988,283.1008,5
5DhHqmB1BzyW6qsZ44EhajM8dXKChxRqB7vqZTwojm1WwsSz,107,261,Will be available after uploads finish,False,True,True,546890,48095.8,2.5428538455919303,5,3,51374,True,60906,2.4774197489378764,302.3866,6
5DhHqmB1BzyW6qsZ44EhajM8dXKChxRqB7vqZTwojm1WwsSz,107,261,Will be available after uploads finish,False,True,True,546890,48095.8,2.5428538455919303,5,4,51375,True,39356,2.584343051637821,300.0446,4
5DhHqmB1BzyW6qsZ44EhajM8dXKChxRqB7vqZTwojm1WwsSz,107,261,Will be available after uploads finish,False,True,True,546890,48095.8,2.5428538455919303,5,5,51376,True,39446,2.5838862102422624,261.7415,4
5DhHqmB1BzyW6qsZ44EhajM8dXKChxRqB7vqZTwojm1WwsSz,107,262,Will be available after uploads finish,False,True,True,1651100,967512,0.301363649501025,5,1,51377,True,998961,1.2228559771809469,734.1006,42
5DhHqmB1BzyW6qsZ44EhajM8dXKChxRqB7vqZTwojm1WwsSz,107,262,Will be available after uploads finish,False,True,True,1651100,967512,0.301363649501025,5,2,51378,False,1492429,-4,681.839,46
5DhHqmB1BzyW6qsZ44EhajM8dXKChxRqB7vqZTwojm1WwsSz,107,262,Will be available after uploads finish,False,True,True,1651100,967512,0.301363649501025,5,3,51379,True,742569,1.3711559487786202,556.325,34
5DhHqmB1BzyW6qsZ44EhajM8dXKChxRqB7vqZTwojm1WwsSz,107,262,Will be available after uploads finish,False,True,True,1651100,967512,0.301363649501025,5,4,51380,True,286405,1.8282227318173692,333.6667,15
5DhHqmB1BzyW6qsZ44EhajM8dXKChxRqB7vqZTwojm1WwsSz,107,262,Will be available after uploads finish,False,True,True,1651100,967512,0.301363649501025,5,5,51381,True,1317196,1.0845835897281884,569.0663,32
5DhHqmB1BzyW6qsZ44EhajM8dXKChxRqB7vqZTwojm1WwsSz,107,263,Will be available after uploads finish,False,True,True,1576654,596044.8,2.1546298111305737,5,1,51382,True,1275076,1.6854854976046827,679.9005,58
5DhHqmB1BzyW6qsZ44EhajM8dXKChxRqB7vqZTwojm1WwsSz,107,263,Will be available after uploads finish,False,True,True,1576654,596044.8,2.1546298111305737,5,2,51383,True,83645,2.6,286.8214,5
5DhHqmB1BzyW6qsZ44EhajM8dXKChxRqB7vqZTwojm1WwsSz,107,263,Will be available after uploads finish,False,True,True,1576654,596044.8,2.1546298111305737,5,3,51384,True,696942,1.9875149326719004,478.6477,39
5DhHqmB1BzyW6qsZ44EhajM8dXKChxRqB7vqZTwojm1WwsSz,107,263,Will be available after uploads finish,False,True,True,1576654,596044.8,2.1546298111305737,5,4,51385,True,706958,1.980380400338588,556.5,34
5DhHqmB1BzyW6qsZ44EhajM8dXKChxRqB7vqZTwojm1WwsSz,107,263,Will be available after uploads finish,False,True,True,1576654,596044.8,2.1546298111305737,5,5,51386,True,217603,2.5197682250376987,328.2601,12
5DhHqmB1BzyW6qsZ44EhajM8dXKChxRqB7vqZTwojm1WwsSz,107,264,Will be available after uploads finish,False,True,True,935869,392064,1.4626253643027989,5,1,51387,True,345708,1.4782600836434754,301.81,13
5DhHqmB1BzyW6qsZ44EhajM8dXKChxRqB7vqZTwojm1WwsSz,107,264,Will be available after uploads finish,False,True,True,935869,392064,1.4626253643027989,5,2,51388,True,237846,1.6652456249919303,344.9117,8
5DhHqmB1BzyW6qsZ44EhajM8dXKChxRqB7vqZTwojm1WwsSz,107,264,Will be available after uploads finish,False,True,True,935869,392064,1.4626253643027989,5,3,51389,True,345810,1.4781125820589331,318.1154,11
5DhHqmB1BzyW6qsZ44EhajM8dXKChxRqB7vqZTwojm1WwsSz,107,264,Will be available after uploads finish,False,True,True,935869,392064,1.4626253643027989,5,4,51390,True,265145,1.6109189046220855,282.0914,9
5DhHqmB1BzyW6qsZ44EhajM8dXKChxRqB7vqZTwojm1WwsSz,107,264,Will be available after uploads finish,False,True,True,935869,392064,1.4626253643027989,5,5,51391,True,765811,1.0805896261975705,489.2588,25
5DhHqmB1BzyW6qsZ44EhajM8dXKChxRqB7vqZTwojm1WwsSz,107,265,Will be available after uploads finish,False,True,True,1189263,119413.6,1.929224849544143,5,1,51392,True,109665,1.957051967181036,319.7093,7
5DhHqmB1BzyW6qsZ44EhajM8dXKChxRqB7vqZTwojm1WwsSz,107,265,Will be available after uploads finish,False,True,True,1189263,119413.6,1.929224849544143,5,2,51393,True,175594,1.8466808861715844,299.2013,9
5DhHqmB1BzyW6qsZ44EhajM8dXKChxRqB7vqZTwojm1WwsSz,107,265,Will be available after uploads finish,False,True,True,1189263,119413.6,1.929224849544143,5,3,51394,True,49411,2,265.9152,3
5DhHqmB1BzyW6qsZ44EhajM8dXKChxRqB7vqZTwojm1WwsSz,107,265,Will be available after uploads finish,False,True,True,1189263,119413.6,1.929224849544143,5,4,51395,True,131553,1.9206560576150387,301.6071,8
5DhHqmB1BzyW6qsZ44EhajM8dXKChxRqB7vqZTwojm1WwsSz,107,265,Will be available after uploads finish,False,True,True,1189263,119413.6,1.929224849544143,5,5,51396,True,130845,1.9217353367530556,251.8167,8
5DhHqmB1BzyW6qsZ44EhajM8dXKChxRqB7vqZTwojm1WwsSz,107,266,Will be available after uploads finish,False,False,False,2565539,687762.8,-0.6977029464061668,5,1,51397,False,800101,-0.7089416098493653,491.6276,28
5DhHqmB1BzyW6qsZ44EhajM8dXKChxRqB7vqZTwojm1WwsSz,107,266,Will be available after uploads finish,False,False,False,2565539,687762.8,-0.6977029464061668,5,2,51398,False,478420,-0.6772794996509207,411.9974,18
5DhHqmB1BzyW6qsZ44EhajM8dXKChxRqB7vqZTwojm1WwsSz,107,266,Will be available after uploads finish,False,False,False,2565539,687762.8,-0.6977029464061668,5,3,51399,False,475341,-0.6768921056564614,438.7152,19
5DhHqmB1BzyW6qsZ44EhajM8dXKChxRqB7vqZTwojm1WwsSz,107,266,Will be available after uploads finish,False,False,False,2565539,687762.8,-0.6977029464061668,5,4,51400,False,665059,-0.6970427046954515,403.4212,25
5DhHqmB1BzyW6qsZ44EhajM8dXKChxRqB7vqZTwojm1WwsSz,107,266,Will be available after uploads finish,False,False,False,2565539,687762.8,-0.6977029464061668,5,5,51401,False,1019893,-0.7283588121786349,579.0295,34
5EFLeDNSU5Z2QqSGLZeEJkxV9PBM6EKTEDaB6b8QgHRXBwJY,107,217,Will be available after uploads finish,False,True,True,1126760,458807.2,1.4684368328197466,5,1,38336,True,546254,1.317888257052564,518.5376,31
5EFLeDNSU5Z2QqSGLZeEJkxV9PBM6EKTEDaB6b8QgHRXBwJY,107,217,Will be available after uploads finish,False,True,True,1126760,458807.2,1.4684368328197466,5,2,38337,True,300302,1.6170359740844062,428.1125,21
5EFLeDNSU5Z2QqSGLZeEJkxV9PBM6EKTEDaB6b8QgHRXBwJY,107,217,Will be available after uploads finish,False,True,True,1126760,458807.2,1.4684368328197466,5,3,38338,True,207050,1.7864086703274373,387.2061,15
5EFLeDNSU5Z2QqSGLZeEJkxV9PBM6EKTEDaB6b8QgHRXBwJY,107,217,Will be available after uploads finish,False,True,True,1126760,458807.2,1.4684368328197466,5,4,38339,True,898121,1.0692778900211208,570.0489,38
5EFLeDNSU5Z2QqSGLZeEJkxV9PBM6EKTEDaB6b8QgHRXBwJY,107,217,Will be available after uploads finish,False,True,True,1126760,458807.2,1.4684368328197466,5,5,38340,True,342309,1.5515733726132042,456.4344,23
5EFLeDNSU5Z2QqSGLZeEJkxV9PBM6EKTEDaB6b8QgHRXBwJY,107,218,Will be available after uploads finish,False,False,True,1584982,509864.8,3.071521163324192,5,1,38341,True,200299,4.311197833048049,444.4305,13
5EFLeDNSU5Z2QqSGLZeEJkxV9PBM6EKTEDaB6b8QgHRXBwJY,107,218,Will be available after uploads finish,False,False,True,1584982,509864.8,3.071521163324192,5,2,38342,True,497811,3.941876748113269,626.6935,23
5EFLeDNSU5Z2QqSGLZeEJkxV9PBM6EKTEDaB6b8QgHRXBwJY,107,218,Will be available after uploads finish,False,False,True,1584982,509864.8,3.071521163324192,5,3,38343,True,433957,4.010514266146442,504.3284,25
5EFLeDNSU5Z2QqSGLZeEJkxV9PBM6EKTEDaB6b8QgHRXBwJY,107,218,Will be available after uploads finish,False,False,True,1584982,509864.8,3.071521163324192,5,4,38344,False,813307,-0.7512243157330012,550.4763,27
5EFLeDNSU5Z2QqSGLZeEJkxV9PBM6EKTEDaB6b8QgHRXBwJY,107,218,Will be available after uploads finish,False,False,True,1584982,509864.8,3.071521163324192,5,5,38345,True,603950,3.8452412850462023,550.6927,29
5EFLeDNSU5Z2QqSGLZeEJkxV9PBM6EKTEDaB6b8QgHRXBwJY,107,219,Will be available after uploads finish,False,True,True,1229179,957390.8,1.1364299892209833,5,1,38346,True,646360,1.3066631456140823,512.9321,31
5EFLeDNSU5Z2QqSGLZeEJkxV9PBM6EKTEDaB6b8QgHRXBwJY,107,219,Will be available after uploads finish,False,True,True,1229179,957390.8,1.1364299892209833,5,2,38347,True,1292750,0.9600779520279404,576.6829,30
5EFLeDNSU5Z2QqSGLZeEJkxV9PBM6EKTEDaB6b8QgHRXBwJY,107,219,Will be available after uploads finish,False,True,True,1229179,957390.8,1.1364299892209833,5,3,38348,True,1385316,0.9254996819451392,648.9368,49
5EFLeDNSU5Z2QqSGLZeEJkxV9PBM6EKTEDaB6b8QgHRXBwJY,107,219,Will be available after uploads finish,False,True,True,1229179,957390.8,1.1364299892209833,5,4,38349,True,732186,1.2443241676438825,539.2309,29
5EFLeDNSU5Z2QqSGLZeEJkxV9PBM6EKTEDaB6b8QgHRXBwJY,107,219,Will be available after uploads finish,False,True,True,1229179,957390.8,1.1364299892209833,5,5,38350,True,730342,1.245584998873871,510.8919,32
5EFLeDNSU5Z2QqSGLZeEJkxV9PBM6EKTEDaB6b8QgHRXBwJY,107,220,Will be available after uploads finish,False,True,True,2228314,410759,0.6689677194905912,5,1,38351,True,297079,1.9383801371057103,456.9967,11
5EFLeDNSU5Z2QqSGLZeEJkxV9PBM6EKTEDaB6b8QgHRXBwJY,107,220,Will be available after uploads finish,False,True,True,2228314,410759,0.6689677194905912,5,2,38352,True,752387,1.526913904233058,635.2551,27
5EFLeDNSU5Z2QqSGLZeEJkxV9PBM6EKTEDaB6b8QgHRXBwJY,107,220,Will be available after uploads finish,False,True,True,2228314,410759,0.6689677194905912,5,3,38353,True,351090,1.9017227181023657,468.2561,14
5EFLeDNSU5Z2QqSGLZeEJkxV9PBM6EKTEDaB6b8QgHRXBwJY,107,220,Will be available after uploads finish,False,True,True,2228314,410759,0.6689677194905912,5,4,38354,False,423744,-4,470.5882,18
5EFLeDNSU5Z2QqSGLZeEJkxV9PBM6EKTEDaB6b8QgHRXBwJY,107,220,Will be available after uploads finish,False,True,True,2228314,410759,0.6689677194905912,5,5,38355,True,229495,1.977821838011821,426.5983,10
5EFLeDNSU5Z2QqSGLZeEJkxV9PBM6EKTEDaB6b8QgHRXBwJY,107,221,Will be available after uploads finish,False,True,True,885390,101980.8,1.9445595745653772,5,1,38356,True,201213,1.7284503902047312,468.05,15
5EFLeDNSU5Z2QqSGLZeEJkxV9PBM6EKTEDaB6b8QgHRXBwJY,107,221,Will be available after uploads finish,False,True,True,885390,101980.8,1.9445595745653772,5,2,38357,True,89552,1.9979913472014001,448.6704,8
5EFLeDNSU5Z2QqSGLZeEJkxV9PBM6EKTEDaB6b8QgHRXBwJY,107,221,Will be available after uploads finish,False,True,True,885390,101980.8,1.9445595745653772,5,3,38358,True,40369,2,393.6168,4
5EFLeDNSU5Z2QqSGLZeEJkxV9PBM6EKTEDaB6b8QgHRXBwJY,107,221,Will be available after uploads finish,False,True,True,885390,101980.8,1.9445595745653772,5,4,38359,True,89485,1.9980661920693634,398.4992,8
5EFLeDNSU5Z2QqSGLZeEJkxV9PBM6EKTEDaB6b8QgHRXBwJY,107,221,Will be available after uploads finish,False,True,True,885390,101980.8,1.9445595745653772,5,5,38360,True,89285,1.9982899433513919,436.6356,8
5EFLeDNSU5Z2QqSGLZeEJkxV9PBM6EKTEDaB6b8QgHRXBwJY,107,222,Will be available after uploads finish,False,True,True,884630,478991.6,1.3271914115078869,5,1,38361,True,738838,1.0772023665771,582.2496,30
5EFLeDNSU5Z2QqSGLZeEJkxV9PBM6EKTEDaB6b8QgHRXBwJY,107,222,Will be available after uploads finish,False,True,True,884630,478991.6,1.3271914115078869,5,2,38362,True,364939,1.4298765992937323,499.6516,18
5EFLeDNSU5Z2QqSGLZeEJkxV9PBM6EKTEDaB6b8QgHRXBwJY,107,222,Will be available after uploads finish,False,True,True,884630,478991.6,1.3271914115078869,5,3,38363,True,592449,1.18760931078023,571.6574,26
5EFLeDNSU5Z2QqSGLZeEJkxV9PBM6EKTEDaB6b8QgHRXBwJY,107,222,Will be available after uploads finish,False,True,True,884630,478991.6,1.3271914115078869,5,4,38364,True,443765,1.3320941359402036,499.2578,22
5EFLeDNSU5Z2QqSGLZeEJkxV9PBM6EKTEDaB6b8QgHRXBwJY,107,222,Will be available after uploads finish,False,True,True,884630,478991.6,1.3271914115078869,5,5,38365,True,254967,1.6091746449481683,463.5315,14
5EFLeDNSU5Z2QqSGLZeEJkxV9PBM6EKTEDaB6b8QgHRXBwJY,107,223,Will be available after uploads finish,False,True,True,1133375,289481.6,1.6400253644612672,5,1,38366,True,437566,1.410216586018414,489.4953,21
5EFLeDNSU5Z2QqSGLZeEJkxV9PBM6EKTEDaB6b8QgHRXBwJY,107,223,Will be available after uploads finish,False,True,True,1133375,289481.6,1.6400253644612672,5,2,38367,True,477974,1.3660521929464564,510.5079,28
5EFLeDNSU5Z2QqSGLZeEJkxV9PBM6EKTEDaB6b8QgHRXBwJY,107,223,Will be available after uploads finish,False,True,True,1133375,289481.6,1.6400253644612672,5,3,38368,True,214748,1.7374247382042345,460.9614,14
5EFLeDNSU5Z2QqSGLZeEJkxV9PBM6EKTEDaB6b8QgHRXBwJY,107,223,Will be available after uploads finish,False,True,True,1133375,289481.6,1.6400253644612672,5,4,38369,True,119307,1.9190599731172946,405.0242,8
5EFLeDNSU5Z2QqSGLZeEJkxV9PBM6EKTEDaB6b8QgHRXBwJY,107,223,Will be available after uploads finish,False,True,True,1133375,289481.6,1.6400253644612672,5,5,38370,True,197813,1.767373332019936,431.3885,13
5EFLeDNSU5Z2QqSGLZeEJkxV9PBM6EKTEDaB6b8QgHRXBwJY,107,224,Will be available after uploads finish,False,True,True,1827000,755927.6,1.415760306312451,5,1,38371,True,513739,1.5681249316061938,509.4729,26
5EFLeDNSU5Z2QqSGLZeEJkxV9PBM6EKTEDaB6b8QgHRXBwJY,107,224,Will be available after uploads finish,False,True,True,1827000,755927.6,1.415760306312451,5,2,38372,True,573523,1.5130835886076943,458.1798,28
5EFLeDNSU5Z2QqSGLZeEJkxV9PBM6EKTEDaB6b8QgHRXBwJY,107,224,Will be available after uploads finish,False,True,True,1827000,755927.6,1.415760306312451,5,3,38373,True,439124,1.6465916921369517,387.0563,22
5EFLeDNSU5Z2QqSGLZeEJkxV9PBM6EKTEDaB6b8QgHRXBwJY,107,224,Will be available after uploads finish,False,True,True,1827000,755927.6,1.415760306312451,5,4,38374,True,1133517,1.1724423749859174,570.0775,35
5EFLeDNSU5Z2QqSGLZeEJkxV9PBM6EKTEDaB6b8QgHRXBwJY,107,224,Will be available after uploads finish,False,True,True,1827000,755927.6,1.415760306312451,5,5,38375,True,1119735,1.178558944225499,614.9242,32
5EFLeDNSU5Z2QqSGLZeEJkxV9PBM6EKTEDaB6b8QgHRXBwJY,107,225,Will be available after uploads finish,False,True,True,432782,158056,1.5944397331135018,5,1,38376,False,72918,-2.3453820537662837,378.3531,7
5EFLeDNSU5Z2QqSGLZeEJkxV9PBM6EKTEDaB6b8QgHRXBwJY,107,225,Will be available after uploads finish,False,True,True,432782,158056,1.5944397331135018,5,2,38377,True,174539,2.582214040807927,422.1536,15
5EFLeDNSU5Z2QqSGLZeEJkxV9PBM6EKTEDaB6b8QgHRXBwJY,107,225,Will be available after uploads finish,False,True,True,432782,158056,1.5944397331135018,5,3,38378,True,137393,2.7018654308205483,408.2906,12
5EFLeDNSU5Z2QqSGLZeEJkxV9PBM6EKTEDaB6b8QgHRXBwJY,107,225,Will be available after uploads finish,False,True,True,432782,158056,1.5944397331135018,5,4,38379,True,163849,2.6138155110029087,427.818,15
5EFLeDNSU5Z2QqSGLZeEJkxV9PBM6EKTEDaB6b8QgHRXBwJY,107,225,Will be available after uploads finish,False,True,True,432782,158056,1.5944397331135018,5,5,38380,True,241581,2.419685736702409,471.866,16
5EFLeDNSU5Z2QqSGLZeEJkxV9PBM6EKTEDaB6b8QgHRXBwJY,107,226,Will be available after uploads finish,False,True,True,439968,146830.2,1.665840914519562,5,1,38381,True,414059,1.0217868023277055,533.8072,29
5EFLeDNSU5Z2QqSGLZeEJkxV9PBM6EKTEDaB6b8QgHRXBwJY,107,226,Will be available after uploads finish,False,True,True,439968,146830.2,1.665840914519562,5,2,38382,True,126081,1.6163287614269712,443.9435,11
5EFLeDNSU5Z2QqSGLZeEJkxV9PBM6EKTEDaB6b8QgHRXBwJY,107,226,Will be available after uploads finish,False,True,True,439968,146830.2,1.665840914519562,5,3,38383,True,79201,1.8487965777004214,421.2994,8
5EFLeDNSU5Z2QqSGLZeEJkxV9PBM6EKTEDaB6b8QgHRXBwJY,107,226,Will be available after uploads finish,False,True,True,439968,146830.2,1.665840914519562,5,4,38384,True,34572,2,406.7846,4
5EFLeDNSU5Z2QqSGLZeEJkxV9PBM6EKTEDaB6b8QgHRXBwJY,107,226,Will be available after uploads finish,False,True,True,439968,146830.2,1.665840914519562,5,5,38385,True,80238,1.842292431142712,415.8141,9
5EFLeDNSU5Z2QqSGLZeEJkxV9PBM6EKTEDaB6b8QgHRXBwJY,107,227,Will be available after uploads finish,False,False,True,917488,1691442.2,3.0445301146575927,5,1,38386,True,2260461,2.889331271679575,802.3767,55
5EFLeDNSU5Z2QqSGLZeEJkxV9PBM6EKTEDaB6b8QgHRXBwJY,107,227,Will be available after uploads finish,False,False,True,917488,1691442.2,3.0445301146575927,5,2,38387,True,1436116,3.1152273160016826,698.3001,57
5EFLeDNSU5Z2QqSGLZeEJkxV9PBM6EKTEDaB6b8QgHRXBwJY,107,227,Will be available after uploads finish,False,False,True,917488,1691442.2,3.0445301146575927,5,3,38388,True,1239321,3.188916615158206,617.2839,40
5EFLeDNSU5Z2QqSGLZeEJkxV9PBM6EKTEDaB6b8QgHRXBwJY,107,227,Will be available after uploads finish,False,False,True,917488,1691442.2,3.0445301146575927,5,4,38389,True,1884133,2.9794645555844173,748.5732,50
5EFLeDNSU5Z2QqSGLZeEJkxV9PBM6EKTEDaB6b8QgHRXBwJY,107,227,Will be available after uploads finish,False,False,True,917488,1691442.2,3.0445301146575927,5,5,38390,True,1637180,3.049710814864084,694.7824,42
5EFLeDNSU5Z2QqSGLZeEJkxV9PBM6EKTEDaB6b8QgHRXBwJY,107,228,Will be available after uploads finish,True,True,True,574499,372805.6,1.2798298859525254,5,1,38311,True,168404,1.5463167008241088,289.5532,9
5EFLeDNSU5Z2QqSGLZeEJkxV9PBM6EKTEDaB6b8QgHRXBwJY,107,228,Will be available after uploads finish,True,True,True,574499,372805.6,1.2798298859525254,5,2,38312,True,900349,0.7081083951038752,592.7215,38
5EFLeDNSU5Z2QqSGLZeEJkxV9PBM6EKTEDaB6b8QgHRXBwJY,107,228,Will be available after uploads finish,True,True,True,574499,372805.6,1.2798298859525254,5,3,38313,True,95857,1.7763894230296362,317.1565,6
5EFLeDNSU5Z2QqSGLZeEJkxV9PBM6EKTEDaB6b8QgHRXBwJY,107,228,Will be available after uploads finish,True,True,True,574499,372805.6,1.2798298859525254,5,4,38314,True,310157,1.2409603176273534,382.9031,16
5EFLeDNSU5Z2QqSGLZeEJkxV9PBM6EKTEDaB6b8QgHRXBwJY,107,228,Will be available after uploads finish,True,True,True,574499,372805.6,1.2798298859525254,5,5,38315,True,389261,1.1273745931776527,395.3339,20
5EFLeDNSU5Z2QqSGLZeEJkxV9PBM6EKTEDaB6b8QgHRXBwJY,107,229,Will be available after uploads finish,False,False,False,1021877,795040.8,-0.0034312328644266073,5,1,38391,False,819395,-0.011118078923275775,589.3833,26
5EFLeDNSU5Z2QqSGLZeEJkxV9PBM6EKTEDaB6b8QgHRXBwJY,107,229,Will be available after uploads finish,False,False,False,1021877,795040.8,-0.0034312328644266073,5,2,38392,False,1148266,-0.04486227835210675,674.8114,31
5EFLeDNSU5Z2QqSGLZeEJkxV9PBM6EKTEDaB6b8QgHRXBwJY,107,229,Will be available after uploads finish,False,False,False,1021877,795040.8,-0.0034312328644266073,5,3,38393,False,763979,-0.004115482804223072,580.61,28
5EFLeDNSU5Z2QqSGLZeEJkxV9PBM6EKTEDaB6b8QgHRXBwJY,107,229,Will be available after uploads finish,False,False,False,1021877,795040.8,-0.0034312328644266073,5,4,38394,False,813414,-0.010385473119344023,592.5451,30
5EFLeDNSU5Z2QqSGLZeEJkxV9PBM6EKTEDaB6b8QgHRXBwJY,107,229,Will be available after uploads finish,False,False,False,1021877,795040.8,-0.0034312328644266073,5,5,38395,False,430150,0.05332514887681659,538.0431,17
5EFLeDNSU5Z2QqSGLZeEJkxV9PBM6EKTEDaB6b8QgHRXBwJY,107,230,Will be available after uploads finish,False,False,False,713141,2114376.6,0.6336759081725207,5,1,38396,True,1377904,3.539377951473162,797.9364,39
5EFLeDNSU5Z2QqSGLZeEJkxV9PBM6EKTEDaB6b8QgHRXBwJY,107,230,Will be available after uploads finish,False,False,False,713141,2114376.6,0.6336759081725207,5,2,38397,False,3561399,-0.15904161654850227,1270.4086,69
5EFLeDNSU5Z2QqSGLZeEJkxV9PBM6EKTEDaB6b8QgHRXBwJY,107,230,Will be available after uploads finish,False,False,False,713141,2114376.6,0.6336759081725207,5,3,38398,False,675734,-0.020872482157050322,737.498,26
5EFLeDNSU5Z2QqSGLZeEJkxV9PBM6EKTEDaB6b8QgHRXBwJY,107,230,Will be available after uploads finish,False,False,False,713141,2114376.6,0.6336759081725207,5,4,38399,False,4279730,-0.17000752025603322,1153.0964,76
5EFLeDNSU5Z2QqSGLZeEJkxV9PBM6EKTEDaB6b8QgHRXBwJY,107,230,Will be available after uploads finish,False,False,False,713141,2114376.6,0.6336759081725207,5,5,38400,False,677116,-0.021076791648972255,635.7441,26
5EFLeDNSU5Z2QqSGLZeEJkxV9PBM6EKTEDaB6b8QgHRXBwJY,107,231,Will be available after uploads finish,False,False,True,2033013,1648772,1.1433459511717676,5,1,38401,True,692579,3.3296777190586178,602.1294,27
5EFLeDNSU5Z2QqSGLZeEJkxV9PBM6EKTEDaB6b8QgHRXBwJY,107,231,Will be available after uploads finish,False,False,True,2033013,1648772,1.1433459511717676,5,2,38402,True,2205160,2.7506112007439234,1121.2166,64
5EFLeDNSU5Z2QqSGLZeEJkxV9PBM6EKTEDaB6b8QgHRXBwJY,107,231,Will be available after uploads finish,False,False,True,2033013,1648772,1.1433459511717676,5,3,38403,False,1714752,-1.5865623031903016,830.635,49
5EFLeDNSU5Z2QqSGLZeEJkxV9PBM6EKTEDaB6b8QgHRXBwJY,107,231,Will be available after uploads finish,False,False,True,2033013,1648772,1.1433459511717676,5,4,38404,False,1664459,-1.5847762041079343,735.5761,40
5EFLeDNSU5Z2QqSGLZeEJkxV9PBM6EKTEDaB6b8QgHRXBwJY,107,231,Will be available after uploads finish,False,False,True,2033013,1648772,1.1433459511717676,5,5,38405,True,1966910,2.8077793433545337,1045.3045,64
5EFLeDNSU5Z2QqSGLZeEJkxV9PBM6EKTEDaB6b8QgHRXBwJY,107,232,Will be available after uploads finish,False,True,False,664367,328556.6,-0.5197531248645786,5,1,38406,False,290014,-2.4173150537854124,464.6294,12
5EFLeDNSU5Z2QqSGLZeEJkxV9PBM6EKTEDaB6b8QgHRXBwJY,107,232,Will be available after uploads finish,False,True,False,664367,328556.6,-0.5197531248645786,5,2,38407,False,269204,-2.415825858961889,456.454,10
5EFLeDNSU5Z2QqSGLZeEJkxV9PBM6EKTEDaB6b8QgHRXBwJY,107,232,Will be available after uploads finish,False,True,False,664367,328556.6,-0.5197531248645786,5,3,38408,True,248071,2.4564787137381443,325.1667,10
5EFLeDNSU5Z2QqSGLZeEJkxV9PBM6EKTEDaB6b8QgHRXBwJY,107,232,Will be available after uploads finish,False,True,False,664367,328556.6,-0.5197531248645786,5,4,38409,False,364194,-2.42187020368573,400.342,12
5EFLeDNSU5Z2QqSGLZeEJkxV9PBM6EKTEDaB6b8QgHRXBwJY,107,232,Will be available after uploads finish,False,True,False,664367,328556.6,-0.5197531248645786,5,5,38410,True,471300,2.199766778371994,379.9578,19
5EFLeDNSU5Z2QqSGLZeEJkxV9PBM6EKTEDaB6b8QgHRXBwJY,107,233,Will be available after uploads finish,False,True,True,782437,308266.8,2.1622815294956865,5,1,38411,True,82825,2.5536437351225496,290.0677,9
5EFLeDNSU5Z2QqSGLZeEJkxV9PBM6EKTEDaB6b8QgHRXBwJY,107,233,Will be available after uploads finish,False,True,True,782437,308266.8,2.1622815294956865,5,2,38412,True,56695,2.6,288.3393,6
5EFLeDNSU5Z2QqSGLZeEJkxV9PBM6EKTEDaB6b8QgHRXBwJY,107,233,Will be available after uploads finish,False,True,True,782437,308266.8,2.1622815294956865,5,3,38413,True,821872,1.5325710007922821,476.0476,24
5EFLeDNSU5Z2QqSGLZeEJkxV9PBM6EKTEDaB6b8QgHRXBwJY,107,233,Will be available after uploads finish,False,True,True,782437,308266.8,2.1622815294956865,5,4,38414,True,344864,1.9667882651697486,403.3712,23
5EFLeDNSU5Z2QqSGLZeEJkxV9PBM6EKTEDaB6b8QgHRXBwJY,107,233,Will be available after uploads finish,False,True,True,782437,308266.8,2.1622815294956865,5,5,38415,True,235078,2.158404646393852,431.4873,21
5EFLeDNSU5Z2QqSGLZeEJkxV9PBM6EKTEDaB6b8QgHRXBwJY,107,234,Will be available after uploads finish,True,True,True,542683,114928.8,1.7858884533508643,5,1,38316,True,249154,1.383556532353267,287.8576,16
5EFLeDNSU5Z2QqSGLZeEJkxV9PBM6EKTEDaB6b8QgHRXBwJY,107,234,Will be available after uploads finish,True,True,True,542683,114928.8,1.7858884533508643,5,2,38317,True,143509,1.6593932464438157,295.5702,11
5EFLeDNSU5Z2QqSGLZeEJkxV9PBM6EKTEDaB6b8QgHRXBwJY,107,234,Will be available after uploads finish,True,True,True,542683,114928.8,1.7858884533508643,5,3,38318,True,91122,1.8864924879572385,297.0571,7
5EFLeDNSU5Z2QqSGLZeEJkxV9PBM6EKTEDaB6b8QgHRXBwJY,107,234,Will be available after uploads finish,True,True,True,542683,114928.8,1.7858884533508643,5,4,38319,True,46637,2,274.7822,4
5EFLeDNSU5Z2QqSGLZeEJkxV9PBM6EKTEDaB6b8QgHRXBwJY,107,234,Will be available after uploads finish,True,True,True,542683,114928.8,1.7858884533508643,5,5,38320,True,44222,2,289.755,4
5EFLeDNSU5Z2QqSGLZeEJkxV9PBM6EKTEDaB6b8QgHRXBwJY,107,235,Will be available after uploads finish,False,True,True,1041765,285852.4,1.6485348729759284,5,1,38416,True,287146,1.6399830567229459,320.5656,15
5EFLeDNSU5Z2QqSGLZeEJkxV9PBM6EKTEDaB6b8QgHRXBwJY,107,235,Will be available after uploads finish,False,True,True,1041765,285852.4,1.6485348729759284,5,2,38417,True,313092,1.596729916796847,396.3426,16
5EFLeDNSU5Z2QqSGLZeEJkxV9PBM6EKTEDaB6b8QgHRXBwJY,107,235,Will be available after uploads finish,False,True,True,1041765,285852.4,1.6485348729759284,5,3,38418,True,207446,1.8025429229095455,315.0707,11
5EFLeDNSU5Z2QqSGLZeEJkxV9PBM6EKTEDaB6b8QgHRXBwJY,107,235,Will be available after uploads finish,False,True,True,1041765,285852.4,1.6485348729759284,5,4,38419,True,288511,1.6376118485932871,399.7208,15
5EFLeDNSU5Z2QqSGLZeEJkxV9PBM6EKTEDaB6b8QgHRXBwJY,107,235,Will be available after uploads finish,False,True,True,1041765,285852.4,1.6485348729759284,5,5,38420,True,333067,1.5658066198570173,326.9495,16
5EFLeDNSU5Z2QqSGLZeEJkxV9PBM6EKTEDaB6b8QgHRXBwJY,107,236,Will be available after uploads finish,False,True,True,647943,40450.2,1.9853685635688667,5,1,38421,True,29235,2,261.9269,3
5EFLeDNSU5Z2QqSGLZeEJkxV9PBM6EKTEDaB6b8QgHRXBwJY,107,236,Will be available after uploads finish,False,True,True,647943,40450.2,1.9853685635688667,5,2,38422,True,29157,2,281.3884,3
5EFLeDNSU5Z2QqSGLZeEJkxV9PBM6EKTEDaB6b8QgHRXBwJY,107,236,Will be available after uploads finish,False,True,True,647943,40450.2,1.9853685635688667,5,3,38423,True,50928,1.9691953453702098,401.8665,5
5EFLeDNSU5Z2QqSGLZeEJkxV9PBM6EKTEDaB6b8QgHRXBwJY,107,236,Will be available after uploads finish,False,True,True,647943,40450.2,1.9853685635688667,5,4,38424,True,42028,1.9884030261415304,277.9565,4
5EFLeDNSU5Z2QqSGLZeEJkxV9PBM6EKTEDaB6b8QgHRXBwJY,107,236,Will be available after uploads finish,False,True,True,647943,40450.2,1.9853685635688667,5,5,38425,True,50903,1.9692444463325927,397.1439,5
5EFLeDNSU5Z2QqSGLZeEJkxV9PBM6EKTEDaB6b8QgHRXBwJY,107,237,Will be available after uploads finish,False,False,True,1797234,664364.6,1.9410432234245107,5,1,38426,False,431125,-0.7412090124354821,381.029,15
5EFLeDNSU5Z2QqSGLZeEJkxV9PBM6EKTEDaB6b8QgHRXBwJY,107,237,Will be available after uploads finish,False,False,True,1797234,664364.6,1.9410432234245107,5,2,38427,True,1516420,3.404583657583758,675.6087,42
5EFLeDNSU5Z2QqSGLZeEJkxV9PBM6EKTEDaB6b8QgHRXBwJY,107,237,Will be available after uploads finish,False,False,True,1797234,664364.6,1.9410432234245107,5,3,38428,False,494971,-0.749495078659695,487.6455,17
5EFLeDNSU5Z2QqSGLZeEJkxV9PBM6EKTEDaB6b8QgHRXBwJY,107,237,Will be available after uploads finish,False,False,True,1797234,664364.6,1.9410432234245107,5,4,38429,True,576346,3.791543416740443,542.2397,27
5EFLeDNSU5Z2QqSGLZeEJkxV9PBM6EKTEDaB6b8QgHRXBwJY,107,237,Will be available after uploads finish,False,False,True,1797234,664364.6,1.9410432234245107,5,5,38430,True,302961,3.9997931338935304,408.3186,16
5EFLeDNSU5Z2QqSGLZeEJkxV9PBM6EKTEDaB6b8QgHRXBwJY,107,238,Will be available after uploads finish,False,True,True,1129225,672525.8,1.299278410387292,5,1,38431,True,1059923,1.02979734879189,569.5453,46
5EFLeDNSU5Z2QqSGLZeEJkxV9PBM6EKTEDaB6b8QgHRXBwJY,107,238,Will be available after uploads finish,False,True,True,1129225,672525.8,1.299278410387292,5,2,38432,True,565443,1.3439683729109817,461.3253,23
5EFLeDNSU5Z2QqSGLZeEJkxV9PBM6EKTEDaB6b8QgHRXBwJY,107,238,Will be available after uploads finish,False,True,True,1129225,672525.8,1.299278410387292,5,3,38433,True,821773,1.1570410196707652,505.0295,34
5EFLeDNSU5Z2QqSGLZeEJkxV9PBM6EKTEDaB6b8QgHRXBwJY,107,238,Will be available after uploads finish,False,True,True,1129225,672525.8,1.299278410387292,5,4,38434,True,296378,1.666955286948168,447.8493,15
5EFLeDNSU5Z2QqSGLZeEJkxV9PBM6EKTEDaB6b8QgHRXBwJY,107,238,Will be available after uploads finish,False,True,True,1129225,672525.8,1.299278410387292,5,5,38435,True,619112,1.2986300236146555,470.5484,28
5EFLeDNSU5Z2QqSGLZeEJkxV9PBM6EKTEDaB6b8QgHRXBwJY,107,239,Will be available after uploads finish,False,True,True,1493751,678793.4,1.6221598263229224,5,1,38436,True,157775,3.174512441740103,453.6004,9
5EFLeDNSU5Z2QqSGLZeEJkxV9PBM6EKTEDaB6b8QgHRXBwJY,107,239,Will be available after uploads finish,False,True,True,1493751,678793.4,1.6221598263229224,5,2,38437,True,1011839,2.364681289586328,558.2241,37
5EFLeDNSU5Z2QqSGLZeEJkxV9PBM6EKTEDaB6b8QgHRXBwJY,107,239,Will be available after uploads finish,False,True,True,1493751,678793.4,1.6221598263229224,5,3,38438,True,1143265,2.3036219212563753,630.8584,42
5EFLeDNSU5Z2QqSGLZeEJkxV9PBM6EKTEDaB6b8QgHRXBwJY,107,239,Will be available after uploads finish,False,True,True,1493751,678793.4,1.6221598263229224,5,4,38439,False,478079,-2.355494122701064,484.0857,24
5EFLeDNSU5Z2QqSGLZeEJkxV9PBM6EKTEDaB6b8QgHRXBwJY,107,239,Will be available after uploads finish,False,True,True,1493751,678793.4,1.6221598263229224,5,5,38440,True,603009,2.6234776017328683,475.8724,27
5EFLeDNSU5Z2QqSGLZeEJkxV9PBM6EKTEDaB6b8QgHRXBwJY,107,240,Will be available after uploads finish,False,False,False,756373,496959.2,0.020446740340129686,5,1,38441,False,465791,0.024244679790044434,482.108,29
5EFLeDNSU5Z2QqSGLZeEJkxV9PBM6EKTEDaB6b8QgHRXBwJY,107,240,Will be available after uploads finish,False,False,False,756373,496959.2,0.020446740340129686,5,2,38442,False,556163,0.00651224168131589,533.325,26
5EFLeDNSU5Z2QqSGLZeEJkxV9PBM6EKTEDaB6b8QgHRXBwJY,107,240,Will be available after uploads finish,False,False,False,756373,496959.2,0.020446740340129686,5,3,38443,False,342254,0.05506306821034681,417.5279,17
5EFLeDNSU5Z2QqSGLZeEJkxV9PBM6EKTEDaB6b8QgHRXBwJY,107,240,Will be available after uploads finish,False,False,False,756373,496959.2,0.020446740340129686,5,4,38444,False,682441,-0.013949224286915207,591.557,33
5EFLeDNSU5Z2QqSGLZeEJkxV9PBM6EKTEDaB6b8QgHRXBwJY,107,240,Will be available after uploads finish,False,False,False,756373,496959.2,0.020446740340129686,5,5,38445,False,438147,0.030362936305856514,435.6649,21
5EFLeDNSU5Z2QqSGLZeEJkxV9PBM6EKTEDaB6b8QgHRXBwJY,107,241,Will be available after uploads finish,False,True,True,1122536,177877.6,3.06251810985436,5,1,38446,True,139502,3.131982425423343,435.1761,11
5EFLeDNSU5Z2QqSGLZeEJkxV9PBM6EKTEDaB6b8QgHRXBwJY,107,241,Will be available after uploads finish,False,True,True,1122536,177877.6,3.06251810985436,5,2,38447,True,112109,3.153843157999482,346.4894,9
5EFLeDNSU5Z2QqSGLZeEJkxV9PBM6EKTEDaB6b8QgHRXBwJY,107,241,Will be available after uploads finish,False,True,True,1122536,177877.6,3.06251810985436,5,3,38448,True,332443,2.780834525636067,489.9836,21
5EFLeDNSU5Z2QqSGLZeEJkxV9PBM6EKTEDaB6b8QgHRXBwJY,107,241,Will be available after uploads finish,False,True,True,1122536,177877.6,3.06251810985436,5,4,38449,True,152053,3.123367404802905,489.6333,12
5EFLeDNSU5Z2QqSGLZeEJkxV9PBM6EKTEDaB6b8QgHRXBwJY,107,241,Will be available after uploads finish,False,True,True,1122536,177877.6,3.06251810985436,5,5,38450,True,153281,3.1225630354100025,384.7021,11
5EFLeDNSU5Z2QqSGLZeEJkxV9PBM6EKTEDaB6b8QgHRXBwJY,107,242,Will be available after uploads finish,False,True,True,707107,653594.6,-0.9282670809528867,5,1,38451,True,567793,1.086906721565947,551.3882,25
5EFLeDNSU5Z2QqSGLZeEJkxV9PBM6EKTEDaB6b8QgHRXBwJY,107,242,Will be available after uploads finish,False,True,True,707107,653594.6,-0.9282670809528867,5,2,38452,False,657480,-4,418.8579,29
5EFLeDNSU5Z2QqSGLZeEJkxV9PBM6EKTEDaB6b8QgHRXBwJY,107,242,Will be available after uploads finish,False,True,True,707107,653594.6,-0.9282670809528867,5,3,38453,False,994425,-4,679.7717,40
5EFLeDNSU5Z2QqSGLZeEJkxV9PBM6EKTEDaB6b8QgHRXBwJY,107,242,Will be available after uploads finish,False,True,True,707107,653594.6,-0.9282670809528867,5,4,38454,True,622540,1.0408812377537915,473.2336,27
5EFLeDNSU5Z2QqSGLZeEJkxV9PBM6EKTEDaB6b8QgHRXBwJY,107,242,Will be available after uploads finish,False,True,True,707107,653594.6,-0.9282670809528867,5,5,38455,True,425735,1.2308766359158272,458.1226,18
5EFLeDNSU5Z2QqSGLZeEJkxV9PBM6EKTEDaB6b8QgHRXBwJY,107,243,Will be available after uploads finish,False,True,True,1358706,988705.8,1.7507697657267218,5,1,38456,True,558041,2.014406798510323,435.774,23
5EFLeDNSU5Z2QqSGLZeEJkxV9PBM6EKTEDaB6b8QgHRXBwJY,107,243,Will be available after uploads finish,False,True,True,1358706,988705.8,1.7507697657267218,5,2,38457,True,1052427,1.6971959144619526,673.8805,35
5EFLeDNSU5Z2QqSGLZeEJkxV9PBM6EKTEDaB6b8QgHRXBwJY,107,243,Will be available after uploads finish,False,True,True,1358706,988705.8,1.7507697657267218,5,3,38458,True,1119390,1.6663534301724916,580.4592,34
5EFLeDNSU5Z2QqSGLZeEJkxV9PBM6EKTEDaB6b8QgHRXBwJY,107,243,Will be available after uploads finish,False,True,True,1358706,988705.8,1.7507697657267218,5,4,38459,True,831635,1.8149261953824471,463.4699,31
5EFLeDNSU5Z2QqSGLZeEJkxV9PBM6EKTEDaB6b8QgHRXBwJY,107,243,Will be available after uploads finish,False,True,True,1358706,988705.8,1.7507697657267218,5,5,38460,True,1382036,1.5609664901063958,624.7424,47
5EFLeDNSU5Z2QqSGLZeEJkxV9PBM6EKTEDaB6b8QgHRXBwJY,107,244,Will be available after uploads finish,False,False,False,705372,688373.4,-0.7062416139424054,5,1,38461,False,811019,-1.6344115784417947,793.199,33
5EFLeDNSU5Z2QqSGLZeEJkxV9PBM6EKTEDaB6b8QgHRXBwJY,107,244,Will be available after uploads finish,False,False,False,705372,688373.4,-0.7062416139424054,5,2,38462,True,439267,2.9622786750791383,408.7145,24
5EFLeDNSU5Z2QqSGLZeEJkxV9PBM6EKTEDaB6b8QgHRXBwJY,107,244,Will be available after uploads finish,False,False,False,705372,688373.4,-0.7062416139424054,5,3,38463,False,594092,-1.6157361409107973,507.6125,26
5EFLeDNSU5Z2QqSGLZeEJkxV9PBM6EKTEDaB6b8QgHRXBwJY,107,244,Will be available after uploads finish,False,False,False,705372,688373.4,-0.7062416139424054,5,4,38464,False,1254662,-1.6605913790942963,589.715,27
5EFLeDNSU5Z2QqSGLZeEJkxV9PBM6EKTEDaB6b8QgHRXBwJY,107,244,Will be available after uploads finish,False,False,False,705372,688373.4,-0.7062416139424054,5,5,38465,False,342827,-1.5827476463442753,468.7045,17
5EFLeDNSU5Z2QqSGLZeEJkxV9PBM6EKTEDaB6b8QgHRXBwJY,107,245,Will be available after uploads finish,False,True,True,673863,267599.6,1.4566264117104752,5,1,38466,True,195477,1.5454545669696043,407.9468,14
5EFLeDNSU5Z2QqSGLZeEJkxV9PBM6EKTEDaB6b8QgHRXBwJY,107,245,Will be available after uploads finish,False,True,True,673863,267599.6,1.4566264117104752,5,2,38467,True,58366,1.9435166463427624,350.6235,5
5EFLeDNSU5Z2QqSGLZeEJkxV9PBM6EKTEDaB6b8QgHRXBwJY,107,245,Will be available after uploads finish,False,True,True,673863,267599.6,1.4566264117104752,5,3,38468,True,388873,1.2015495236105476,471.329,27
5EFLeDNSU5Z2QqSGLZeEJkxV9PBM6EKTEDaB6b8QgHRXBwJY,107,245,Will be available after uploads finish,False,True,True,673863,267599.6,1.4566264117104752,5,4,38469,True,215966,1.495615435748968,441.2585,14
5EFLeDNSU5Z2QqSGLZeEJkxV9PBM6EKTEDaB6b8QgHRXBwJY,107,245,Will be available after uploads finish,False,True,True,673863,267599.6,1.4566264117104752,5,5,38470,True,479316,1.096995885880495,520.4552,32
5EFLeDNSU5Z2QqSGLZeEJkxV9PBM6EKTEDaB6b8QgHRXBwJY,107,246,Will be available after uploads finish,False,True,True,1150220,817823.6,1.6345621696778418,5,1,38471,True,958652,1.541935006984137,603.264,30
5EFLeDNSU5Z2QqSGLZeEJkxV9PBM6EKTEDaB6b8QgHRXBwJY,107,246,Will be available after uploads finish,False,True,True,1150220,817823.6,1.6345621696778418,5,2,38472,True,1061791,1.5010613058194409,590.7921,34
5EFLeDNSU5Z2QqSGLZeEJkxV9PBM6EKTEDaB6b8QgHRXBwJY,107,246,Will be available after uploads finish,False,True,True,1150220,817823.6,1.6345621696778418,5,3,38473,True,751827,1.6483592532046376,526.483,23
5EFLeDNSU5Z2QqSGLZeEJkxV9PBM6EKTEDaB6b8QgHRXBwJY,107,246,Will be available after uploads finish,False,True,True,1150220,817823.6,1.6345621696778418,5,4,38474,True,857836,1.586381083785156,526.7115,28
5EFLeDNSU5Z2QqSGLZeEJkxV9PBM6EKTEDaB6b8QgHRXBwJY,107,246,Will be available after uploads finish,False,True,True,1150220,817823.6,1.6345621696778418,5,5,38475,True,459012,1.8950741985958395,440.6197,18
5EFLeDNSU5Z2QqSGLZeEJkxV9PBM6EKTEDaB6b8QgHRXBwJY,107,247,Will be available after uploads finish,True,True,True,1344878,474871.6,1.5799463677886774,5,1,38321,True,398809,1.5775910330677667,384.7232,24
5EFLeDNSU5Z2QqSGLZeEJkxV9PBM6EKTEDaB6b8QgHRXBwJY,107,247,Will be available after uploads finish,True,True,True,1344878,474871.6,1.5799463677886774,5,2,38322,True,550791,1.416154622409979,349.3879,23
5EFLeDNSU5Z2QqSGLZeEJkxV9PBM6EKTEDaB6b8QgHRXBwJY,107,247,Will be available after uploads finish,True,True,True,1344878,474871.6,1.5799463677886774,5,3,38323,True,193356,1.897175181560188,307.8977,12
5EFLeDNSU5Z2QqSGLZeEJkxV9PBM6EKTEDaB6b8QgHRXBwJY,107,247,Will be available after uploads finish,True,True,True,1344878,474871.6,1.5799463677886774,5,4,38324,True,1058128,1.0897040417922594,487.9834,45
5EFLeDNSU5Z2QqSGLZeEJkxV9PBM6EKTEDaB6b8QgHRXBwJY,107,247,Will be available after uploads finish,True,True,True,1344878,474871.6,1.5799463677886774,5,5,38325,True,173274,1.9191069601131936,289.0112,11
5EFLeDNSU5Z2QqSGLZeEJkxV9PBM6EKTEDaB6b8QgHRXBwJY,107,248,Will be available after uploads finish,False,True,False,1062450,510296,-1.1612762383777189,5,1,38476,True,349249,2.1503513618676395,434.5466,15
5EFLeDNSU5Z2QqSGLZeEJkxV9PBM6EKTEDaB6b8QgHRXBwJY,107,248,Will be available after uploads finish,False,True,False,1062450,510296,-1.1612762383777189,5,2,38477,False,403086,-3.1823888880229716,427.7105,17
5EFLeDNSU5Z2QqSGLZeEJkxV9PBM6EKTEDaB6b8QgHRXBwJY,107,248,Will be available after uploads finish,False,True,False,1062450,510296,-1.1612762383777189,5,3,38478,False,441145,-3.1841933616411024,449.3011,20
5EFLeDNSU5Z2QqSGLZeEJkxV9PBM6EKTEDaB6b8QgHRXBwJY,107,248,Will be available after uploads finish,False,True,False,1062450,510296,-1.1612762383777189,5,4,38479,True,1082763,1.584608236051059,645.2651,43
5EFLeDNSU5Z2QqSGLZeEJkxV9PBM6EKTEDaB6b8QgHRXBwJY,107,248,Will be available after uploads finish,False,True,False,1062450,510296,-1.1612762383777189,5,5,38480,False,275237,-3.174758540143219,418.1425,18
5EFLeDNSU5Z2QqSGLZeEJkxV9PBM6EKTEDaB6b8QgHRXBwJY,107,249,Will be available after uploads finish,False,True,True,1156016,858038.4,1.1504786125685893,5,1,38481,True,707264,1.2109655321734425,503.517,22
5EFLeDNSU5Z2QqSGLZeEJkxV9PBM6EKTEDaB6b8QgHRXBwJY,107,249,Will be available after uploads finish,False,True,True,1156016,858038.4,1.1504786125685893,5,2,38482,True,1376987,0.8778410057212371,665.184,35
5EFLeDNSU5Z2QqSGLZeEJkxV9PBM6EKTEDaB6b8QgHRXBwJY,107,249,Will be available after uploads finish,False,True,True,1156016,858038.4,1.1504786125685893,5,3,38483,True,519350,1.3653785198196908,490.1324,22
5EFLeDNSU5Z2QqSGLZeEJkxV9PBM6EKTEDaB6b8QgHRXBwJY,107,249,Will be available after uploads finish,False,True,True,1156016,858038.4,1.1504786125685893,5,4,38484,True,1108790,0.9861552298386256,563.4841,33
5EFLeDNSU5Z2QqSGLZeEJkxV9PBM6EKTEDaB6b8QgHRXBwJY,107,249,Will be available after uploads finish,False,True,True,1156016,858038.4,1.1504786125685893,5,5,38485,True,577801,1.3120527752899498,518.4273,19
5EFLeDNSU5Z2QqSGLZeEJkxV9PBM6EKTEDaB6b8QgHRXBwJY,107,250,Will be available after uploads finish,False,True,True,1230544,923859.6,0.3944156686179812,5,1,38486,False,597745,-2.3697447394388367,463.4672,20
5EFLeDNSU5Z2QqSGLZeEJkxV9PBM6EKTEDaB6b8QgHRXBwJY,107,250,Will be available after uploads finish,False,True,True,1230544,923859.6,0.3944156686179812,5,2,38487,True,760888,2.4158153449264126,510.338,24
5EFLeDNSU5Z2QqSGLZeEJkxV9PBM6EKTEDaB6b8QgHRXBwJY,107,250,Will be available after uploads finish,False,True,True,1230544,923859.6,0.3944156686179812,5,3,38488,True,1277499,2.156728661407257,590.5124,28
5EFLeDNSU5Z2QqSGLZeEJkxV9PBM6EKTEDaB6b8QgHRXBwJY,107,250,Will be available after uploads finish,False,True,True,1230544,923859.6,0.3944156686179812,5,4,38489,False,671954,-2.374425765206706,477.1171,22
5EFLeDNSU5Z2QqSGLZeEJkxV9PBM6EKTEDaB6b8QgHRXBwJY,107,250,Will be available after uploads finish,False,True,True,1230544,923859.6,0.3944156686179812,5,5,38490,True,1311212,2.143704841401779,542.3987,31
5EFLeDNSU5Z2QqSGLZeEJkxV9PBM6EKTEDaB6b8QgHRXBwJY,107,251,Will be available after uploads finish,False,True,True,441256,200859,1.3788398008383287,5,1,38491,True,277451,1.2034109381386238,416.1119,18
5EFLeDNSU5Z2QqSGLZeEJkxV9PBM6EKTEDaB6b8QgHRXBwJY,107,251,Will be available after uploads finish,False,True,True,441256,200859,1.3788398008383287,5,2,38492,True,150785,1.5083056180826326,389.0433,12
5EFLeDNSU5Z2QqSGLZeEJkxV9PBM6EKTEDaB6b8QgHRXBwJY,107,251,Will be available after uploads finish,False,True,True,441256,200859,1.3788398008383287,5,3,38493,True,232765,1.2912184281918742,423.4084,15
5EFLeDNSU5Z2QqSGLZeEJkxV9PBM6EKTEDaB6b8QgHRXBwJY,107,251,Will be available after uploads finish,False,True,True,441256,200859,1.3788398008383287,5,4,38494,True,155878,1.4916962836449141,284.449,12
5EFLeDNSU5Z2QqSGLZeEJkxV9PBM6EKTEDaB6b8QgHRXBwJY,107,251,Will be available after uploads finish,False,True,True,441256,200859,1.3788398008383287,5,5,38495,True,187416,1.3995677361335985,312.8967,13
5EFLeDNSU5Z2QqSGLZeEJkxV9PBM6EKTEDaB6b8QgHRXBwJY,107,252,Will be available after uploads finish,False,True,True,1091029,172262.2,1.8723957079787876,5,1,38496,True,143660,1.9479318534376713,337.1217,8
5EFLeDNSU5Z2QqSGLZeEJkxV9PBM6EKTEDaB6b8QgHRXBwJY,107,252,Will be available after uploads finish,False,True,True,1091029,172262.2,1.8723957079787876,5,2,38497,True,287170,1.6484117367449023,299.4761,15
5EFLeDNSU5Z2QqSGLZeEJkxV9PBM6EKTEDaB6b8QgHRXBwJY,107,252,Will be available after uploads finish,False,True,True,1091029,172262.2,1.8723957079787876,5,3,38498,True,101984,1.99887897321324,304.4857,4
5EFLeDNSU5Z2QqSGLZeEJkxV9PBM6EKTEDaB6b8QgHRXBwJY,107,252,Will be available after uploads finish,False,True,True,1091029,172262.2,1.8723957079787876,5,4,38499,True,223930,1.7703782108896378,349.4708,10
5EFLeDNSU5Z2QqSGLZeEJkxV9PBM6EKTEDaB6b8QgHRXBwJY,107,252,Will be available after uploads finish,False,True,True,1091029,172262.2,1.8723957079787876,5,5,38500,True,104567,1.996377765608488,366.7807,5
5EFLeDNSU5Z2QqSGLZeEJkxV9PBM6EKTEDaB6b8QgHRXBwJY,107,253,Will be available after uploads finish,True,True,True,479159,223354,1.4016192582189606,5,1,38326,True,112758,1.7156485961768937,325.032,10
5EFLeDNSU5Z2QqSGLZeEJkxV9PBM6EKTEDaB6b8QgHRXBwJY,107,253,Will be available after uploads finish,True,True,True,479159,223354,1.4016192582189606,5,2,38327,True,248308,1.3209356052856989,377.3942,16
5EFLeDNSU5Z2QqSGLZeEJkxV9PBM6EKTEDaB6b8QgHRXBwJY,107,253,Will be available after uploads finish,True,True,True,479159,223354,1.4016192582189606,5,3,38328,True,204535,1.4179010058367698,319.3558,13
5EFLeDNSU5Z2QqSGLZeEJkxV9PBM6EKTEDaB6b8QgHRXBwJY,107,253,Will be available after uploads finish,True,True,True,479159,223354,1.4016192582189606,5,4,38329,True,226732,1.3663862091959789,365.5465,16
5EFLeDNSU5Z2QqSGLZeEJkxV9PBM6EKTEDaB6b8QgHRXBwJY,107,253,Will be available after uploads finish,True,True,True,479159,223354,1.4016192582189606,5,5,38330,True,324437,1.1872248745994614,365.6934,20
5EFLeDNSU5Z2QqSGLZeEJkxV9PBM6EKTEDaB6b8QgHRXBwJY,107,254,Will be available after uploads finish,True,True,True,532579,242525.6,1.4865006779370962,5,1,38331,True,589535,0.9205461147563069,428.818,27
5EFLeDNSU5Z2QqSGLZeEJkxV9PBM6EKTEDaB6b8QgHRXBwJY,107,254,Will be available after uploads finish,True,True,True,532579,242525.6,1.4865006779370962,5,2,38332,True,302879,1.253546467129535,356.7414,16
5EFLeDNSU5Z2QqSGLZeEJkxV9PBM6EKTEDaB6b8QgHRXBwJY,107,254,Will be available after uploads finish,True,True,True,532579,242525.6,1.4865006779370962,5,3,38333,True,155017,1.5884457658762734,310.4254,9
5EFLeDNSU5Z2QqSGLZeEJkxV9PBM6EKTEDaB6b8QgHRXBwJY,107,254,Will be available after uploads finish,True,True,True,532579,242525.6,1.4865006779370962,5,4,38334,True,33501,2,235.6061,3
5EFLeDNSU5Z2QqSGLZeEJkxV9PBM6EKTEDaB6b8QgHRXBwJY,107,254,Will be available after uploads finish,True,True,True,532579,242525.6,1.4865006779370962,5,5,38335,True,131696,1.669965041923366,298.0069,10
5EFLeDNSU5Z2QqSGLZeEJkxV9PBM6EKTEDaB6b8QgHRXBwJY,107,255,Will be available after uploads finish,False,True,True,603445,340427.2,0.48455836621973775,5,1,38501,True,526411,2.2609912442391615,525.2811,26
5EFLeDNSU5Z2QqSGLZeEJkxV9PBM6EKTEDaB6b8QgHRXBwJY,107,255,Will be available after uploads finish,False,True,True,603445,340427.2,0.48455836621973775,5,2,38502,True,395182,2.4043591733249503,544.1271,24
5EFLeDNSU5Z2QqSGLZeEJkxV9PBM6EKTEDaB6b8QgHRXBwJY,107,255,Will be available after uploads finish,False,True,True,603445,340427.2,0.48455836621973775,5,3,38503,True,340493,2.478835098776161,511.4106,19
5EFLeDNSU5Z2QqSGLZeEJkxV9PBM6EKTEDaB6b8QgHRXBwJY,107,255,Will be available after uploads finish,False,True,True,603445,340427.2,0.48455836621973775,5,4,38504,False,216666,-2.360086137293499,496.505,16
5EFLeDNSU5Z2QqSGLZeEJkxV9PBM6EKTEDaB6b8QgHRXBwJY,107,255,Will be available after uploads finish,False,True,True,603445,340427.2,0.48455836621973775,5,5,38505,False,223384,-2.3613075479480847,436.384,14
5EFLeDNSU5Z2QqSGLZeEJkxV9PBM6EKTEDaB6b8QgHRXBwJY,107,256,Will be available after uploads finish,False,True,True,2404963,839479.4,2.771403311714998,5,1,38506,True,612440,2.8562381617458845,480.5691,23
5EFLeDNSU5Z2QqSGLZeEJkxV9PBM6EKTEDaB6b8QgHRXBwJY,107,256,Will be available after uploads finish,False,True,True,2404963,839479.4,2.771403311714998,5,2,38507,True,494034,2.963661480599101,591.6525,33
5EFLeDNSU5Z2QqSGLZeEJkxV9PBM6EKTEDaB6b8QgHRXBwJY,107,256,Will be available after uploads finish,False,True,True,2404963,839479.4,2.771403311714998,5,3,38508,True,1831390,2.3085483907867657,718.7855,50
5EFLeDNSU5Z2QqSGLZeEJkxV9PBM6EKTEDaB6b8QgHRXBwJY,107,256,Will be available after uploads finish,False,True,True,2404963,839479.4,2.771403311714998,5,4,38509,True,829363,2.7046346828366574,530.3114,27
5EFLeDNSU5Z2QqSGLZeEJkxV9PBM6EKTEDaB6b8QgHRXBwJY,107,256,Will be available after uploads finish,False,True,True,2404963,839479.4,2.771403311714998,5,5,38510,True,430170,3.023933842606584,517.4355,15
5EFLeDNSU5Z2QqSGLZeEJkxV9PBM6EKTEDaB6b8QgHRXBwJY,107,257,Will be available after uploads finish,False,False,True,2017063,1236973.8,2.136933571438961,5,1,38511,True,944999,3.1415890364028654,717.2051,29
5EFLeDNSU5Z2QqSGLZeEJkxV9PBM6EKTEDaB6b8QgHRXBwJY,107,257,Will be available after uploads finish,False,False,True,2017063,1236973.8,2.136933571438961,5,2,38512,True,2399730,2.6756252160452094,1265.1041,73
5EFLeDNSU5Z2QqSGLZeEJkxV9PBM6EKTEDaB6b8QgHRXBwJY,107,257,Will be available after uploads finish,False,False,True,2017063,1236973.8,2.136933571438961,5,3,38513,False,1199125,-1.5683397371416965,812.6776,40
5EFLeDNSU5Z2QqSGLZeEJkxV9PBM6EKTEDaB6b8QgHRXBwJY,107,257,Will be available after uploads finish,False,False,True,2017063,1236973.8,2.136933571438961,5,4,38514,True,697560,3.2933867052982984,698.7456,24
5EFLeDNSU5Z2QqSGLZeEJkxV9PBM6EKTEDaB6b8QgHRXBwJY,107,257,Will be available after uploads finish,False,False,True,2017063,1236973.8,2.136933571438961,5,5,38515,True,943455,3.142406636590129,705.8337,41
5EFLeDNSU5Z2QqSGLZeEJkxV9PBM6EKTEDaB6b8QgHRXBwJY,107,258,Will be available after uploads finish,False,True,True,709077,403202,1.2853866302647277,5,1,38516,True,310807,1.3965523114554514,461.637,15
5EFLeDNSU5Z2QqSGLZeEJkxV9PBM6EKTEDaB6b8QgHRXBwJY,107,258,Will be available after uploads finish,False,True,True,709077,403202,1.2853866302647277,5,2,38517,True,584735,1.0805590052630243,517.852,24
5EFLeDNSU5Z2QqSGLZeEJkxV9PBM6EKTEDaB6b8QgHRXBwJY,107,258,Will be available after uploads finish,False,True,True,709077,403202,1.2853866302647277,5,3,38518,True,307131,1.4025011985016183,464.1065,14
5EFLeDNSU5Z2QqSGLZeEJkxV9PBM6EKTEDaB6b8QgHRXBwJY,107,258,Will be available after uploads finish,False,True,True,709077,403202,1.2853866302647277,5,4,38519,True,320364,1.3814094571712272,467.3589,15
5EFLeDNSU5Z2QqSGLZeEJkxV9PBM6EKTEDaB6b8QgHRXBwJY,107,258,Will be available after uploads finish,False,True,True,709077,403202,1.2853866302647277,5,5,38520,True,492973,1.165911178932316,488.5286,22
5EFLeDNSU5Z2QqSGLZeEJkxV9PBM6EKTEDaB6b8QgHRXBwJY,107,259,Will be available after uploads finish,False,True,True,759937,62288,1.9114724642327865,5,1,38521,True,138116,1.7152763764180818,421.7838,10
5EFLeDNSU5Z2QqSGLZeEJkxV9PBM6EKTEDaB6b8QgHRXBwJY,107,259,Will be available after uploads finish,False,True,True,759937,62288,1.9114724642327865,5,2,38522,True,43327,1.95850375690822,426.8411,4
5EFLeDNSU5Z2QqSGLZeEJkxV9PBM6EKTEDaB6b8QgHRXBwJY,107,259,Will be available after uploads finish,False,True,True,759937,62288,1.9114724642327865,5,3,38523,True,31322,1.9909492840297762,361.7896,3
5EFLeDNSU5Z2QqSGLZeEJkxV9PBM6EKTEDaB6b8QgHRXBwJY,107,259,Will be available after uploads finish,False,True,True,759937,62288,1.9114724642327865,5,4,38524,True,43108,1.9590104971607416,409.2059,4
5EFLeDNSU5Z2QqSGLZeEJkxV9PBM6EKTEDaB6b8QgHRXBwJY,107,259,Will be available after uploads finish,False,True,True,759937,62288,1.9114724642327865,5,5,38525,True,55567,1.9336224066471117,421.4122,5
5EFLeDNSU5Z2QqSGLZeEJkxV9PBM6EKTEDaB6b8QgHRXBwJY,107,260,Will be available after uploads finish,False,False,True,1513961,877083.4,1.3290260834013286,5,1,38526,True,473017,3.3515164121901697,560.0962,22
5EFLeDNSU5Z2QqSGLZeEJkxV9PBM6EKTEDaB6b8QgHRXBwJY,107,260,Will be available after uploads finish,False,False,True,1513961,877083.4,1.3290260834013286,5,2,38527,False,1184488,-1.5772363551805355,691.2652,48
5EFLeDNSU5Z2QqSGLZeEJkxV9PBM6EKTEDaB6b8QgHRXBwJY,107,260,Will be available after uploads finish,False,False,True,1513961,877083.4,1.3290260834013286,5,3,38528,True,1442914,2.7938720970457807,815.2315,58
5EFLeDNSU5Z2QqSGLZeEJkxV9PBM6EKTEDaB6b8QgHRXBwJY,107,260,Will be available after uploads finish,False,False,True,1513961,877083.4,1.3290260834013286,5,4,38529,True,252158,3.645994718677289,420.1557,12
5EFLeDNSU5Z2QqSGLZeEJkxV9PBM6EKTEDaB6b8QgHRXBwJY,107,260,Will be available after uploads finish,False,False,True,1513961,877083.4,1.3290260834013286,5,5,38530,False,1032840,-1.5690164557260613,637.281,33
5EFLeDNSU5Z2QqSGLZeEJkxV9PBM6EKTEDaB6b8QgHRXBwJY,107,261,Will be available after uploads finish,False,True,True,546890,111401.2,2.382645475435367,5,1,38531,True,39384,2.584200811347345,385,4
5EFLeDNSU5Z2QqSGLZeEJkxV9PBM6EKTEDaB6b8QgHRXBwJY,107,261,Will be available after uploads finish,False,True,True,546890,111401.2,2.382645475435367,5,2,38532,True,39347,2.5843887932234746,417.5212,4
5EFLeDNSU5Z2QqSGLZeEJkxV9PBM6EKTEDaB6b8QgHRXBwJY,107,261,Will be available after uploads finish,False,True,True,546890,111401.2,2.382645475435367,5,3,38533,True,59710,2.483369403379311,390.0568,6
5EFLeDNSU5Z2QqSGLZeEJkxV9PBM6EKTEDaB6b8QgHRXBwJY,107,261,Will be available after uploads finish,False,True,True,546890,111401.2,2.382645475435367,5,4,38534,True,47769,2.545597361130045,350.9344,5
5EFLeDNSU5Z2QqSGLZeEJkxV9PBM6EKTEDaB6b8QgHRXBwJY,107,261,Will be available after uploads finish,False,True,True,546890,111401.2,2.382645475435367,5,5,38535,True,370796,1.7156710080966615,529.7466,20
5EFLeDNSU5Z2QqSGLZeEJkxV9PBM6EKTEDaB6b8QgHRXBwJY,107,262,Will be available after uploads finish,False,True,True,1651100,820850.4,1.347505299856928,5,1,38536,True,1157655,1.1491380034633838,587.2127,35
5EFLeDNSU5Z2QqSGLZeEJkxV9PBM6EKTEDaB6b8QgHRXBwJY,107,262,Will be available after uploads finish,False,True,True,1651100,820850.4,1.347505299856928,5,2,38537,True,436329,1.6370155736310579,352.0022,21
5EFLeDNSU5Z2QqSGLZeEJkxV9PBM6EKTEDaB6b8QgHRXBwJY,107,262,Will be available after uploads finish,False,True,True,1651100,820850.4,1.347505299856928,5,3,38538,True,777116,1.3484190309176949,432.2375,32
5EFLeDNSU5Z2QqSGLZeEJkxV9PBM6EKTEDaB6b8QgHRXBwJY,107,262,Will be available after uploads finish,False,True,True,1651100,820850.4,1.347505299856928,5,4,38539,True,1015924,1.21443693550922,616.8012,43
5EFLeDNSU5Z2QqSGLZeEJkxV9PBM6EKTEDaB6b8QgHRXBwJY,107,262,Will be available after uploads finish,False,True,True,1651100,820850.4,1.347505299856928,5,5,38540,True,717228,1.3885169557632842,536.6686,33
5EFLeDNSU5Z2QqSGLZeEJkxV9PBM6EKTEDaB6b8QgHRXBwJY,107,263,Will be available after uploads finish,False,True,True,1576654,706511.6,2.04853546884652,5,1,38541,True,181407,2.5655906209773724,381.2497,13
5EFLeDNSU5Z2QqSGLZeEJkxV9PBM6EKTEDaB6b8QgHRXBwJY,107,263,Will be available after uploads finish,False,True,True,1576654,706511.6,2.04853546884652,5,2,38542,True,1175555,1.7261182016911925,608.9991,54
5EFLeDNSU5Z2QqSGLZeEJkxV9PBM6EKTEDaB6b8QgHRXBwJY,107,263,Will be available after uploads finish,False,True,True,1576654,706511.6,2.04853546884652,5,3,38543,True,919177,1.8491266772025532,524.629,43
5EFLeDNSU5Z2QqSGLZeEJkxV9PBM6EKTEDaB6b8QgHRXBwJY,107,263,Will be available after uploads finish,False,True,True,1576654,706511.6,2.04853546884652,5,4,38544,True,761364,1.9433102486809148,556.0695,38
5EFLeDNSU5Z2QqSGLZeEJkxV9PBM6EKTEDaB6b8QgHRXBwJY,107,263,Will be available after uploads finish,False,True,True,1576654,706511.6,2.04853546884652,5,5,38545,True,495055,2.1585315956805666,373.3802,26
5EFLeDNSU5Z2QqSGLZeEJkxV9PBM6EKTEDaB6b8QgHRXBwJY,107,264,Will be available after uploads finish,False,True,True,935869,440850.4,1.4215859341815666,5,1,38546,True,885586,1.0079325413104219,475.4671,30
5EFLeDNSU5Z2QqSGLZeEJkxV9PBM6EKTEDaB6b8QgHRXBwJY,107,264,Will be available after uploads finish,False,True,True,935869,440850.4,1.4215859341815666,5,2,38547,True,247364,1.6456268596836623,294.3903,10
5EFLeDNSU5Z2QqSGLZeEJkxV9PBM6EKTEDaB6b8QgHRXBwJY,107,264,Will be available after uploads finish,False,True,True,935869,440850.4,1.4215859341815666,5,3,38548,True,253008,1.6343467733089683,379.4564,8
5EFLeDNSU5Z2QqSGLZeEJkxV9PBM6EKTEDaB6b8QgHRXBwJY,107,264,Will be available after uploads finish,False,True,True,935869,440850.4,1.4215859341815666,5,4,38549,True,510994,1.2828784034735503,358.9506,16
5EFLeDNSU5Z2QqSGLZeEJkxV9PBM6EKTEDaB6b8QgHRXBwJY,107,264,Will be available after uploads finish,False,True,True,935869,440850.4,1.4215859341815666,5,5,38550,True,307300,1.537145093131229,404.9098,12
5EFLeDNSU5Z2QqSGLZeEJkxV9PBM6EKTEDaB6b8QgHRXBwJY,107,265,Will be available after uploads finish,False,True,True,1189263,100291.4,1.9618838886840535,5,1,38551,True,99527,1.976452227236139,324.281,6
5EFLeDNSU5Z2QqSGLZeEJkxV9PBM6EKTEDaB6b8QgHRXBwJY,107,265,Will be available after uploads finish,False,True,True,1189263,100291.4,1.9618838886840535,5,2,38552,True,49412,2,300.1376,3
5EFLeDNSU5Z2QqSGLZeEJkxV9PBM6EKTEDaB6b8QgHRXBwJY,107,265,Will be available after uploads finish,False,True,True,1189263,100291.4,1.9618838886840535,5,3,38553,True,155111,1.8838909428912463,371.9327,8
5EFLeDNSU5Z2QqSGLZeEJkxV9PBM6EKTEDaB6b8QgHRXBwJY,107,265,Will be available after uploads finish,False,True,True,1189263,100291.4,1.9618838886840535,5,4,38554,True,109644,1.957090269302817,312.9312,7
5EFLeDNSU5Z2QqSGLZeEJkxV9PBM6EKTEDaB6b8QgHRXBwJY,107,265,Will be available after uploads finish,False,True,True,1189263,100291.4,1.9618838886840535,5,5,38555,True,87763,1.9919860039900654,292.239,6
5EFLeDNSU5Z2QqSGLZeEJkxV9PBM6EKTEDaB6b8QgHRXBwJY,107,266,Will be available after uploads finish,False,False,True,2565539,1282313,1.859988118530103,5,1,38556,False,877911,-0.7163661900138051,579.7312,31
5EFLeDNSU5Z2QqSGLZeEJkxV9PBM6EKTEDaB6b8QgHRXBwJY,107,266,Will be available after uploads finish,False,False,True,2565539,1282313,1.859988118530103,5,2,38557,True,1352756,3.6318369841282987,579.6161,40
5EFLeDNSU5Z2QqSGLZeEJkxV9PBM6EKTEDaB6b8QgHRXBwJY,107,266,Will be available after uploads finish,False,False,True,2565539,1282313,1.859988118530103,5,3,38558,True,1470568,3.5900846202397516,552.6704,45
5EFLeDNSU5Z2QqSGLZeEJkxV9PBM6EKTEDaB6b8QgHRXBwJY,107,266,Will be available after uploads finish,False,False,True,2565539,1282313,1.859988118530103,5,4,38559,False,1030541,-0.7291897071574762,530.2215,33
5EFLeDNSU5Z2QqSGLZeEJkxV9PBM6EKTEDaB6b8QgHRXBwJY,107,266,Will be available after uploads finish,False,False,True,2565539,1282313,1.859988118530103,5,5,38560,True,1679789,3.523574885453745,571.2971,45
