competition_id,hotkey,is_screener,pass_with_compression,pass_without_compression,platform_score,run_count,task_id,task_name,tokens_with_compression,tokens_without_compression
107,5DhHqmB1BzyW6qsZ44EhajM8dXKChxRqB7vqZTwojm1WwsSz,False,True,True,1.0731797302755806,5,217,Will be available after uploads finish,976794.2,1126760
107,5DhHqmB1BzyW6qsZ44EhajM8dXKChxRqB7vqZTwojm1WwsSz,False,True,False,2.9169153329096535,5,218,Will be available after uploads finish,705874,1584982
107,5DhHqmB1BzyW6qsZ44EhajM8dXKChxRqB7vqZTwojm1WwsSz,False,True,True,0.9431622805291214,5,219,Will be available after uploads finish,1459126.6,1229179
107,5DhHqmB1BzyW6qsZ44EhajM8dXKChxRqB7vqZTwojm1WwsSz,False,True,True,0.591058506529486,5,220,Will be available after uploads finish,558009.2,2228314
107,5DhHqmB1BzyW6qsZ44EhajM8dXKChxRqB7vqZTwojm1WwsSz,False,True,True,1.8982940482368693,5,221,Will be available after uploads finish,135079.2,885390
107,5DhHqmB1BzyW6qsZ44EhajM8dXKChxRqB7vqZTwojm1WwsSz,False,True,True,1.2367218457056008,5,222,Will be available after uploads finish,561951,884630
107,5DhHqmB1BzyW6qsZ44EhajM8dXKChxRqB7vqZTwojm1WwsSz,False,True,True,1.3600585671929255,5,223,Will be available after uploads finish,530417.4,1133375
107,5DhHqmB1BzyW6qsZ44EhajM8dXKChxRqB7vqZTwojm1WwsSz,False,True,True,1.3947503222742068,5,224,Will be available after uploads finish,737634.4,1827000
107,5DhHqmB1BzyW6qsZ44EhajM8dXKChxRqB7vqZTwojm1WwsSz,False,True,True,1.5719635916437547,5,225,Will be available after uploads finish,241264.4,432782
107,5DhHqmB1BzyW6qsZ44EhajM8dXKChxRqB7vqZTwojm1WwsSz,False,True,True,1.7576384960205402,5,226,Will be available after uploads finish,131801.8,439968
107,5DhHqmB1BzyW6qsZ44EhajM8dXKChxRqB7vqZTwojm1WwsSz,False,True,False,3.079877575503322,5,227,Will be available after uploads finish,1615238.6,917488
107,5DhHqmB1BzyW6qsZ44EhajM8dXKChxRqB7vqZTwojm1WwsSz,True,True,True,0.031477135483933424,5,228,Will be available after uploads finish,404963.8,574499
107,5DhHqmB1BzyW6qsZ44EhajM8dXKChxRqB7vqZTwojm1WwsSz,False,False,False,-0.0369569054386328,5,229,Will be available after uploads finish,1069821,1021877
107,5DhHqmB1BzyW6qsZ44EhajM8dXKChxRqB7vqZTwojm1WwsSz,False,False,False,1.4164590330090632,5,230,Will be available after uploads finish,1216307.6,713141
107,5DhHqmB1BzyW6qsZ44EhajM8dXKChxRqB7vqZTwojm1WwsSz,False,False,False,0.2716675750910194,5,231,Will be available after uploads finish,1331966.2,2033013
107,5DhHqmB1BzyW6qsZ44EhajM8dXKChxRqB7vqZTwojm1WwsSz,False,True,True,2.2544295752699215,5,232,Will be available after uploads finish,425375.4,664367
107,5DhHqmB1BzyW6qsZ44EhajM8dXKChxRqB7vqZTwojm1WwsSz,False,True,True,2.3355586379053537,5,233,Will be available after uploads finish,177089,782437
107,5DhHqmB1BzyW6qsZ44EhajM8dXKChxRqB7vqZTwojm1WwsSz,True,True,True,1.8373275485432785,5,234,Will be available after uploads finish,105489,542683
107,5DhHqmB1BzyW6qsZ44EhajM8dXKChxRqB7vqZTwojm1WwsSz,False,True,True,0.5140923470738502,5,235,Will be available after uploads finish,278060.4,1041765
107,5DhHqmB1BzyW6qsZ44EhajM8dXKChxRqB7vqZTwojm1WwsSz,False,True,True,1.8133106990363366,5,236,Will be available after uploads finish,124691.6,647943
107,5DhHqmB1BzyW6qsZ44EhajM8dXKChxRqB7vqZTwojm1WwsSz,False,True,False,2.898240053475015,5,237,Will be available after uploads finish,604098.4,1797234
107,5DhHqmB1BzyW6qsZ44EhajM8dXKChxRqB7vqZTwojm1WwsSz,False,True,True,1.1963629685303936,5,238,Will be available after uploads finish,768857.8,1129225
107,5DhHqmB1BzyW6qsZ44EhajM8dXKChxRqB7vqZTwojm1WwsSz,False,True,True,2.723745295165978,5,239,Will be available after uploads finish,561680.6,1493751
107,5DhHqmB1BzyW6qsZ44EhajM8dXKChxRqB7vqZTwojm1WwsSz,False,False,False,0.03381435897106266,5,240,Will be available after uploads finish,454331.8,756373
107,5DhHqmB1BzyW6qsZ44EhajM8dXKChxRqB7vqZTwojm1WwsSz,False,True,True,3.156060582863592,5,241,Will be available after uploads finish,101389.8,1122536
107,5DhHqmB1BzyW6qsZ44EhajM8dXKChxRqB7vqZTwojm1WwsSz,False,True,True,1.0369294553408008,5,242,Will be available after uploads finish,681313.8,707107
107,5DhHqmB1BzyW6qsZ44EhajM8dXKChxRqB7vqZTwojm1WwsSz,False,True,True,0.7330767800260262,5,243,Will be available after uploads finish,1046204.4,1358706
107,5DhHqmB1BzyW6qsZ44EhajM8dXKChxRqB7vqZTwojm1WwsSz,False,True,False,1.9407961073125501,5,244,Will be available after uploads finish,686312,705372
107,5DhHqmB1BzyW6qsZ44EhajM8dXKChxRqB7vqZTwojm1WwsSz,False,True,True,1.3139124614025675,5,245,Will be available after uploads finish,335088.6,673863
107,5DhHqmB1BzyW6qsZ44EhajM8dXKChxRqB7vqZTwojm1WwsSz,False,True,True,1.602663542890514,5,246,Will be available after uploads finish,880518.4,1150220
107,5DhHqmB1BzyW6qsZ44EhajM8dXKChxRqB7vqZTwojm1WwsSz,True,True,True,-0.5692972740477045,5,247,Will be available after uploads finish,361098.6,1344878
107,5DhHqmB1BzyW6qsZ44EhajM8dXKChxRqB7vqZTwojm1WwsSz,False,True,True,-0.2114098510206003,5,248,Will be available after uploads finish,992883.4,1062450
107,5DhHqmB1BzyW6qsZ44EhajM8dXKChxRqB7vqZTwojm1WwsSz,False,True,True,0.21330997418817255,5,249,Will be available after uploads finish,914375.6,1156016
107,5DhHqmB1BzyW6qsZ44EhajM8dXKChxRqB7vqZTwojm1WwsSz,False,True,True,2.4581965100168146,5,250,Will be available after uploads finish,706236.4,1230544
107,5DhHqmB1BzyW6qsZ44EhajM8dXKChxRqB7vqZTwojm1WwsSz,False,True,True,1.6711394124502328,5,251,Will be available after uploads finish,113475.2,441256
107,5DhHqmB1BzyW6qsZ44EhajM8dXKChxRqB7vqZTwojm1WwsSz,False,True,True,1.873997946122202,5,252,Will be available after uploads finish,182192.8,1091029
107,5DhHqmB1BzyW6qsZ44EhajM8dXKChxRqB7vqZTwojm1WwsSz,True,True,True,1.659084195250717,5,253,Will be available after uploads finish,142155.6,479159
107,5DhHqmB1BzyW6qsZ44EhajM8dXKChxRqB7vqZTwojm1WwsSz,True,True,True,0.32891931043805184,5,254,Will be available after uploads finish,302087.4,532579
107,5DhHqmB1BzyW6qsZ44EhajM8dXKChxRqB7vqZTwojm1WwsSz,False,True,True,0.5603872167798503,5,255,Will be available after uploads finish,321289.6,603445
107,5DhHqmB1BzyW6qsZ44EhajM8dXKChxRqB7vqZTwojm1WwsSz,False,True,True,2.705711731995721,5,256,Will be available after uploads finish,849543,2404963
107,5DhHqmB1BzyW6qsZ44EhajM8dXKChxRqB7vqZTwojm1WwsSz,False,True,False,2.014639904273049,5,257,Will be available after uploads finish,1791091.4,2017063
107,5DhHqmB1BzyW6qsZ44EhajM8dXKChxRqB7vqZTwojm1WwsSz,False,True,True,1.2073457911470145,5,258,Will be available after uploads finish,490712.4,709077
107,5DhHqmB1BzyW6qsZ44EhajM8dXKChxRqB7vqZTwojm1WwsSz,False,True,True,1.9086002410441598,5,259,Will be available after uploads finish,64565,759937
107,5DhHqmB1BzyW6qsZ44EhajM8dXKChxRqB7vqZTwojm1WwsSz,False,True,False,2.066139598330918,5,260,Will be available after uploads finish,979234.2,1513961
107,5DhHqmB1BzyW6qsZ44EhajM8dXKChxRqB7vqZTwojm1WwsSz,False,True,True,2.5428538455919303,5,261,Will be available after uploads finish,48095.8,546890
107,5DhHqmB1BzyW6qsZ44EhajM8dXKChxRqB7vqZTwojm1WwsSz,False,True,True,0.301363649501025,5,262,Will be available after uploads finish,967512,1651100
107,5DhHqmB1BzyW6qsZ44EhajM8dXKChxRqB7vqZTwojm1WwsSz,False,True,True,2.1546298111305737,5,263,Will be available after uploads finish,596044.8,1576654
107,5DhHqmB1BzyW6qsZ44EhajM8dXKChxRqB7vqZTwojm1WwsSz,False,True,True,1.4626253643027989,5,264,Will be available after uploads finish,392064,935869
107,5DhHqmB1BzyW6qsZ44EhajM8dXKChxRqB7vqZTwojm1WwsSz,False,True,True,1.929224849544143,5,265,Will be available after uploads finish,119413.6,1189263
107,5DhHqmB1BzyW6qsZ44EhajM8dXKChxRqB7vqZTwojm1WwsSz,False,False,False,-0.6977029464061668,5,266,Will be available after uploads finish,687762.8,2565539
107,5EFLeDNSU5Z2QqSGLZeEJkxV9PBM6EKTEDaB6b8QgHRXBwJY,False,True,True,1.4684368328197466,5,217,Will be available after uploads finish,458807.2,1126760
107,5EFLeDNSU5Z2QqSGLZeEJkxV9PBM6EKTEDaB6b8QgHRXBwJY,False,True,False,3.071521163324192,5,218,Will be available after uploads finish,509864.8,1584982
107,5EFLeDNSU5Z2QqSGLZeEJkxV9PBM6EKTEDaB6b8QgHRXBwJY,False,True,True,1.1364299892209833,5,219,Will be available after uploads finish,957390.8,1229179
107,5EFLeDNSU5Z2QqSGLZeEJkxV9PBM6EKTEDaB6b8QgHRXBwJY,False,True,True,0.6689677194905912,5,220,Will be available after uploads finish,410759,2228314
107,5EFLeDNSU5Z2QqSGLZeEJkxV9PBM6EKTEDaB6b8QgHRXBwJY,False,True,True,1.9445595745653772,5,221,Will be available after uploads finish,101980.8,885390
107,5EFLeDNSU5Z2QqSGLZeEJkxV9PBM6EKTEDaB6b8QgHRXBwJY,False,True,True,1.3271914115078869,5,222,Will be available after uploads finish,478991.6,884630
107,5EFLeDNSU5Z2QqSGLZeEJkxV9PBM6EKTEDaB6b8QgHRXBwJY,False,True,True,1.6400253644612672,5,223,Will be available after uploads finish,289481.6,1133375
107,5EFLeDNSU5Z2QqSGLZeEJkxV9PBM6EKTEDaB6b8QgHRXBwJY,False,True,True,1.415760306312451,5,224,Will be available after uploads finish,755927.6,1827000
107,5EFLeDNSU5Z2QqSGLZeEJkxV9PBM6EKTEDaB6b8QgHRXBwJY,False,True,True,1.5944397331135018,5,225,Will be available after uploads finish,158056,432782
107,5EFLeDNSU5Z2QqSGLZeEJkxV9PBM6EKTEDaB6b8QgHRXBwJY,False,True,True,1.665840914519562,5,226,Will be available after uploads finish,146830.2,439968
107,5EFLeDNSU5Z2QqSGLZeEJkxV9PBM6EKTEDaB6b8QgHRXBwJY,False,True,False,3.0445301146575927,5,227,Will be available after uploads finish,1691442.2,917488
107,5EFLeDNSU5Z2QqSGLZeEJkxV9PBM6EKTEDaB6b8QgHRXBwJY,True,True,True,1.2798298859525254,5,228,Will be available after uploads finish,372805.6,574499
107,5EFLeDNSU5Z2QqSGLZeEJkxV9PBM6EKTEDaB6b8QgHRXBwJY,False,False,False,-0.0034312328644266073,5,229,Will be available after uploads finish,795040.8,1021877
107,5EFLeDNSU5Z2QqSGLZeEJkxV9PBM6EKTEDaB6b8QgHRXBwJY,False,False,False,0.6336759081725207,5,230,Will be available after uploads finish,2114376.6,713141
107,5EFLeDNSU5Z2QqSGLZeEJkxV9PBM6EKTEDaB6b8QgHRXBwJY,False,True,False,1.1433459511717676,5,231,Will be available after uploads finish,1648772,2033013
107,5EFLeDNSU5Z2QqSGLZeEJkxV9PBM6EKTEDaB6b8QgHRXBwJY,False,False,True,-0.5197531248645786,5,232,Will be available after uploads finish,328556.6,664367
107,5EFLeDNSU5Z2QqSGLZeEJkxV9PBM6EKTEDaB6b8QgHRXBwJY,False,True,True,2.1622815294956865,5,233,Will be available after uploads finish,308266.8,782437
107,5EFLeDNSU5Z2QqSGLZeEJkxV9PBM6EKTEDaB6b8QgHRXBwJY,True,True,True,1.7858884533508643,5,234,Will be available after uploads finish,114928.8,542683
107,5EFLeDNSU5Z2QqSGLZeEJkxV9PBM6EKTEDaB6b8QgHRXBwJY,False,True,True,1.6485348729759284,5,235,Will be available after uploads finish,285852.4,1041765
107,5EFLeDNSU5Z2QqSGLZeEJkxV9PBM6EKTEDaB6b8QgHRXBwJY,False,True,True,1.9853685635688667,5,236,Will be available after uploads finish,40450.2,647943
107,5EFLeDNSU5Z2QqSGLZeEJkxV9PBM6EKTEDaB6b8QgHRXBwJY,False,True,False,1.9410432234245107,5,237,Will be available after uploads finish,664364.6,1797234
107,5EFLeDNSU5Z2QqSGLZeEJkxV9PBM6EKTEDaB6b8QgHRXBwJY,False,True,True,1.299278410387292,5,238,Will be available after uploads finish,672525.8,1129225
107,5EFLeDNSU5Z2QqSGLZeEJkxV9PBM6EKTEDaB6b8QgHRXBwJY,False,True,True,1.6221598263229224,5,239,Will be available after uploads finish,678793.4,1493751
107,5EFLeDNSU5Z2QqSGLZeEJkxV9PBM6EKTEDaB6b8QgHRXBwJY,False,False,False,0.020446740340129686,5,240,Will be available after uploads finish,496959.2,756373
107,5EFLeDNSU5Z2QqSGLZeEJkxV9PBM6EKTEDaB6b8QgHRXBwJY,False,True,True,3.06251810985436,5,241,Will be available after uploads finish,177877.6,1122536
107,5EFLeDNSU5Z2QqSGLZeEJkxV9PBM6EKTEDaB6b8QgHRXBwJY,False,True,True,-0.9282670809528867,5,242,Will be available after uploads finish,653594.6,707107
107,5EFLeDNSU5Z2QqSGLZeEJkxV9PBM6EKTEDaB6b8QgHRXBwJY,False,True,True,1.7507697657267218,5,243,Will be available after uploads finish,988705.8,1358706
107,5EFLeDNSU5Z2QqSGLZeEJkxV9PBM6EKTEDaB6b8QgHRXBwJY,False,False,False,-0.7062416139424054,5,244,Will be available after uploads finish,688373.4,705372
107,5EFLeDNSU5Z2QqSGLZeEJkxV9PBM6EKTEDaB6b8QgHRXBwJY,False,True,True,1.4566264117104752,5,245,Will be available after uploads finish,267599.6,673863
107,5EFLeDNSU5Z2QqSGLZeEJkxV9PBM6EKTEDaB6b8QgHRXBwJY,False,True,True,1.6345621696778418,5,246,Will be available after uploads finish,817823.6,1150220
107,5EFLeDNSU5Z2QqSGLZeEJkxV9PBM6EKTEDaB6b8QgHRXBwJY,True,True,True,1.5799463677886774,5,247,Will be available after uploads finish,474871.6,1344878
107,5EFLeDNSU5Z2QqSGLZeEJkxV9PBM6EKTEDaB6b8QgHRXBwJY,False,False,True,-1.1612762383777189,5,248,Will be available after uploads finish,510296,1062450
107,5EFLeDNSU5Z2QqSGLZeEJkxV9PBM6EKTEDaB6b8QgHRXBwJY,False,True,True,1.1504786125685893,5,249,Will be available after uploads finish,858038.4,1156016
107,5EFLeDNSU5Z2QqSGLZeEJkxV9PBM6EKTEDaB6b8QgHRXBwJY,False,True,True,0.3944156686179812,5,250,Will be available after uploads finish,923859.6,1230544
107,5EFLeDNSU5Z2QqSGLZeEJkxV9PBM6EKTEDaB6b8QgHRXBwJY,False,True,True,1.3788398008383287,5,251,Will be available after uploads finish,200859,441256
107,5EFLeDNSU5Z2QqSGLZeEJkxV9PBM6EKTEDaB6b8QgHRXBwJY,False,True,True,1.8723957079787876,5,252,Will be available after uploads finish,172262.2,1091029
107,5EFLeDNSU5Z2QqSGLZeEJkxV9PBM6EKTEDaB6b8QgHRXBwJY,True,True,True,1.4016192582189606,5,253,Will be available after uploads finish,223354,479159
107,5EFLeDNSU5Z2QqSGLZeEJkxV9PBM6EKTEDaB6b8QgHRXBwJY,True,True,True,1.4865006779370962,5,254,Will be available after uploads finish,242525.6,532579
107,5EFLeDNSU5Z2QqSGLZeEJkxV9PBM6EKTEDaB6b8QgHRXBwJY,False,True,True,0.48455836621973775,5,255,Will be available after uploads finish,340427.2,603445
107,5EFLeDNSU5Z2QqSGLZeEJkxV9PBM6EKTEDaB6b8QgHRXBwJY,False,True,True,2.771403311714998,5,256,Will be available after uploads finish,839479.4,2404963
107,5EFLeDNSU5Z2QqSGLZeEJkxV9PBM6EKTEDaB6b8QgHRXBwJY,False,True,False,2.136933571438961,5,257,Will be available after uploads finish,1236973.8,2017063
107,5EFLeDNSU5Z2QqSGLZeEJkxV9PBM6EKTEDaB6b8QgHRXBwJY,False,True,True,1.2853866302647277,5,258,Will be available after uploads finish,403202,709077
107,5EFLeDNSU5Z2QqSGLZeEJkxV9PBM6EKTEDaB6b8QgHRXBwJY,False,True,True,1.9114724642327865,5,259,Will be available after uploads finish,62288,759937
107,5EFLeDNSU5Z2QqSGLZeEJkxV9PBM6EKTEDaB6b8QgHRXBwJY,False,True,False,1.3290260834013286,5,260,Will be available after uploads finish,877083.4,1513961
107,5EFLeDNSU5Z2QqSGLZeEJkxV9PBM6EKTEDaB6b8QgHRXBwJY,False,True,True,2.382645475435367,5,261,Will be available after uploads finish,111401.2,546890
107,5EFLeDNSU5Z2QqSGLZeEJkxV9PBM6EKTEDaB6b8QgHRXBwJY,False,True,True,1.347505299856928,5,262,Will be available after uploads finish,820850.4,1651100
107,5EFLeDNSU5Z2QqSGLZeEJkxV9PBM6EKTEDaB6b8QgHRXBwJY,False,True,True,2.04853546884652,5,263,Will be available after uploads finish,706511.6,1576654
107,5EFLeDNSU5Z2QqSGLZeEJkxV9PBM6EKTEDaB6b8QgHRXBwJY,False,True,True,1.4215859341815666,5,264,Will be available after uploads finish,440850.4,935869
107,5EFLeDNSU5Z2QqSGLZeEJkxV9PBM6EKTEDaB6b8QgHRXBwJY,False,True,True,1.9618838886840535,5,265,Will be available after uploads finish,100291.4,1189263
107,5EFLeDNSU5Z2QqSGLZeEJkxV9PBM6EKTEDaB6b8QgHRXBwJY,False,True,False,1.859988118530103,5,266,Will be available after uploads finish,1282313,2565539
